/*
Navicat MySQL Data Transfer

Source Server         : LocalMySQL
Source Server Version : 50640
Source Host           : localhost:3306
Source Database       : bbs_pro

Target Server Type    : MYSQL
Target Server Version : 50640
File Encoding         : 65001

Date: 2018-07-04 17:16:21
*/

SET FOREIGN_KEY_CHECKS=0;

-- ----------------------------
-- Table structure for app01_bbs
-- ----------------------------
DROP TABLE IF EXISTS `app01_bbs`;
CREATE TABLE `app01_bbs` (
  `id` int(11) NOT NULL AUTO_INCREMENT,
  `title` varchar(64) COLLATE utf8_bin NOT NULL,
  `summary` varchar(256) COLLATE utf8_bin DEFAULT NULL,
  `content` longtext COLLATE utf8_bin NOT NULL,
  `view_count` int(11) NOT NULL,
  `ranking` int(11) NOT NULL,
  `create_at` datetime NOT NULL,
  `update_at` datetime NOT NULL,
  `author_id` int(11) NOT NULL,
  `category_id` int(11) NOT NULL,
  PRIMARY KEY (`id`),
  KEY `app01_bbs_4f331e2f` (`author_id`),
  KEY `app01_bbs_b583a629` (`category_id`),
  CONSTRAINT `app01_bbs_author_id_1ba5e7ca_fk_app01_bbs_user_id` FOREIGN KEY (`author_id`) REFERENCES `app01_bbs_user` (`id`),
  CONSTRAINT `app01_bbs_category_id_3dc6be99_fk_app01_category_id` FOREIGN KEY (`category_id`) REFERENCES `app01_category` (`id`)
) ENGINE=InnoDB AUTO_INCREMENT=19 DEFAULT CHARSET=utf8 COLLATE=utf8_bin;

-- ----------------------------
-- Records of app01_bbs
-- ----------------------------
INSERT INTO `app01_bbs` VALUES ('1', '著名演员文章被爆婚内出轨', '近日，著名演员文章被爆婚内出轨演员姚笛', 0xE69687E7ABA0E5A99AE58685E587BAE8BDA8E5A79AE7AC9BEFBC8CE69687E7ABA0E5A99AE58685E587BAE8BDA8E5A79AE7AC9BEFBC8CE69687E7ABA0E5A99AE58685E587BAE8BDA8E5A79AE7AC9BE69687E7ABA0E5A99AE58685E587BAE8BDA8E5A79AE7AC9BE69687E7ABA0E5A99AE58685E587BAE8BDA8E5A79AE7AC9BE69687E7ABA0E5A99AE58685E587BAE8BDA8E5A79AE7AC9BE69687E7ABA0E5A99AE58685E587BAE8BDA8E5A79AE7AC9BE69687E7ABA0E5A99AE58685E587BAE8BDA8E5A79AE7AC9BE69687E7ABA0E5A99AE58685E587BAE8BDA8E5A79AE7AC9B, '30', '2', '2018-06-26 18:16:32', '2018-06-26 18:16:37', '1', '3');
INSERT INTO `app01_bbs` VALUES ('2', '演员胡歌车祸惨致死', '昨日，胡歌出现车祸', 0xE698A8E697A5EFBC8CE883A1E6AD8CE587BAE78EB0E8BDA6E7A5B8E698A8E697A5EFBC8CE883A1E6AD8CE587BAE78EB0E8BDA6E7A5B8E698A8E697A5EFBC8CE883A1E6AD8CE587BAE78EB0E8BDA6E7A5B8E698A8E697A5EFBC8CE883A1E6AD8CE587BAE78EB0E8BDA6E7A5B8E698A8E697A5EFBC8CE883A1E6AD8CE587BAE78EB0E8BDA6E7A5B8E698A8E697A5EFBC8CE883A1E6AD8CE587BAE78EB0E8BDA6E7A5B8E698A8E697A5EFBC8CE883A1E6AD8CE587BAE78EB0E8BDA6E7A5B8E698A8E697A5EFBC8CE883A1E6AD8CE587BAE78EB0E8BDA6E7A5B8E698A8E697A5EFBC8CE883A1E6AD8CE587BAE78EB0E8BDA6E7A5B8E698A8E697A5EFBC8CE883A1E6AD8CE587BAE78EB0E8BDA6E7A5B8E698A8E697A5EFBC8CE883A1E6AD8CE587BAE78EB0E8BDA6E7A5B8E698A8E697A5EFBC8CE883A1E6AD8CE587BAE78EB0E8BDA6E7A5B8E698A8E697A5EFBC8CE883A1E6AD8CE587BAE78EB0E8BDA6E7A5B8E698A8E697A5EFBC8CE883A1E6AD8CE587BAE78EB0E8BDA6E7A5B8E698A8E697A5EFBC8CE883A1E6AD8CE587BAE78EB0E8BDA6E7A5B8E698A8E697A5EFBC8CE883A1E6AD8CE587BAE78EB0E8BDA6E7A5B8E698A8E697A5EFBC8CE883A1E6AD8CE587BAE78EB0E8BDA6E7A5B8E698A8E697A5EFBC8CE883A1E6AD8CE587BAE78EB0E8BDA6E7A5B8E698A8E697A5EFBC8CE883A1E6AD8CE587BAE78EB0E8BDA6E7A5B8E698A8E697A5EFBC8CE883A1E6AD8CE587BAE78EB0E8BDA6E7A5B8E698A8E697A5EFBC8CE883A1E6AD8CE587BAE78EB0E8BDA6E7A5B8E698A8E697A5EFBC8CE883A1E6AD8CE587BAE78EB0E8BDA6E7A5B8E698A8E697A5EFBC8CE883A1E6AD8CE587BAE78EB0E8BDA6E7A5B8E698A8E697A5EFBC8CE883A1E6AD8CE587BAE78EB0E8BDA6E7A5B8E698A8E697A5EFBC8CE883A1E6AD8CE587BAE78EB0E8BDA6E7A5B8, '12', '11', '2018-06-27 10:59:35', '2018-06-27 10:59:36', '2', '3');
INSERT INTO `app01_bbs` VALUES ('3', '今天星期三', '星期几', 0xE4BB8AE5A4A9E6989FE69C9FE4B889E4BB8AE5A4A9E6989FE69C9FE4B889E4BB8AE5A4A9E6989FE69C9FE4B889E4BB8AE5A4A9E6989FE69C9FE4B889E4BB8AE5A4A9E6989FE69C9FE4B889E4BB8AE5A4A9E6989FE69C9FE4B889E4BB8AE5A4A9E6989FE69C9FE4B889E4BB8AE5A4A9E6989FE69C9FE4B889E4BB8AE5A4A9E6989FE69C9FE4B889, '111', '22', '2018-06-27 11:00:09', '2018-06-27 11:00:11', '1', '3');
INSERT INTO `app01_bbs` VALUES ('4', '测试发布', '测试是为了更好的发布消息', 0x3C21444F43545950452068746D6C3E0D0A3C68746D6C3E0D0A3C686561643E0D0A3C2F686561643E0D0A3C626F64793E0D0A3C703EE8BF99E4B8AAE698AFE4B880E4B8AAE6B58BE8AF95E79A84E5B896E5AD90EFBC8CE6B2A1E4B89CE8A5BFE79C8BE79A84E380823C2F703E0D0A3C2F626F64793E0D0A3C2F68746D6C3E, '1', '2', '2018-06-28 16:37:53', '2018-06-28 16:37:53', '1', '2');
INSERT INTO `app01_bbs` VALUES ('5', '测试发布二', '测试是为了更好的发布消息', 0x3C21444F43545950452068746D6C3E0D0A3C68746D6C3E0D0A3C686561643E0D0A3C2F686561643E0D0A3C626F64793E0D0A3C64697620636C6173733D2261727469636C652D636F6E74656E74223E0D0A3C64697620636C6173733D227067632D696D67223E3C696D67207372633D22687474703A2F2F70312E7073746174702E636F6D2F6C617267652F7067632D696D6167652F31353330313636353031343636326532313661306162332220616C743D22E68A93E68D95E78EB0E59CBAE69B9DE58589EFBC81E4B88AE6B5B7E4B880E794B7E5AD90E68AA5E5A48DE7A4BEE4BC9AE68C81E88F9CE58880E7A08DE4BABAEFBC8C3220E5908DE5B08FE5ADA6E7949FE8BAABE4BAA1EFBC8122202F3E0D0A3C7020636C6173733D227067632D696D672D63617074696F6E223E266E6273703B3C2F703E0D0A3C2F6469763E0D0A3C703EE794B7E5AD90E4B88AE6B5B7E8A197E5A4B4E68C81E88F9CE58880E7A08DE6ADBB203220E5908DE5B08FE5ADA6E7949FEFBC8CE8ADA6E696B9E9809AE68AA5EFBC9AE5AB8CE78AAF20323920E5B281EFBC8CE59BA0E7949FE6B4BBE697A0E79D80E890BDE4BAA7E7949FE68AA5E5A48DE7A4BEE4BC9AE5BFB5E5A4B4EFBC8CE8BF9BE8808CE8A18CE587B6E380823C2F703E0D0A3C64697620636C6173733D227067632D696D67223E3C696D67207372633D22687474703A2F2F70332E7073746174702E636F6D2F6C617267652F7067632D696D6167652F31353330313636353031343531633436393931366339362220616C743D22E68A93E68D95E78EB0E59CBAE69B9DE58589EFBC81E4B88AE6B5B7E4B880E794B7E5AD90E68AA5E5A48DE7A4BEE4BC9AE68C81E88F9CE58880E7A08DE4BABAEFBC8C3220E5908DE5B08FE5ADA6E7949FE8BAABE4BAA1EFBC8122202F3E0D0A3C7020636C6173733D227067632D696D672D63617074696F6E223E266E6273703B3C2F703E0D0A3C2F6469763E0D0A3C703EE68A93E68D95E78EB0E59CBA3C2F703E0D0A3C64697620636C6173733D227067632D696D67223E3C696D67207372633D22687474703A2F2F70332E7073746174702E636F6D2F6C617267652F7067632D696D6167652F31353330313636353031353338363239323934356533342220616C743D22E68A93E68D95E78EB0E59CBAE69B9DE58589EFBC81E4B88AE6B5B7E4B880E794B7E5AD90E68AA5E5A48DE7A4BEE4BC9AE68C81E88F9CE58880E7A08DE4BABAEFBC8C3220E5908DE5B08FE5ADA6E7949FE8BAABE4BAA1EFBC8122202F3E0D0A3C7020636C6173733D227067632D696D672D63617074696F6E223E266E6273703B3C2F703E0D0A3C2F6469763E0D0A3C703EE68A93E68D95E78EB0E59CBA3C2F703E0D0A3C64697620636C6173733D227067632D696D67223E3C696D67207372633D22687474703A2F2F70312E7073746174702E636F6D2F6C617267652F7067632D696D6167652F31353330313636353031353536616565623533663636332220616C743D22E68A93E68D95E78EB0E59CBAE69B9DE58589EFBC81E4B88AE6B5B7E4B880E794B7E5AD90E68AA5E5A48DE7A4BEE4BC9AE68C81E88F9CE58880E7A08DE4BABAEFBC8C3220E5908DE5B08FE5ADA6E7949FE8BAABE4BAA1EFBC8122202F3E0D0A3C7020636C6173733D227067632D696D672D63617074696F6E223E266E6273703B3C2F703E0D0A3C2F6469763E0D0A3C703EE78EB0E59CBAE59BBE3C2F703E0D0A3C64697620636C6173733D227067632D696D67223E3C696D67207372633D22687474703A2F2F70332E7073746174702E636F6D2F6C617267652F7067632D696D6167652F31353330313636353031363739623861613963353465632220616C743D22E68A93E68D95E78EB0E59CBAE69B9DE58589EFBC81E4B88AE6B5B7E4B880E794B7E5AD90E68AA5E5A48DE7A4BEE4BC9AE68C81E88F9CE58880E7A08DE4BABAEFBC8C3220E5908DE5B08FE5ADA6E7949FE8BAABE4BAA1EFBC8122202F3E0D0A3C7020636C6173733D227067632D696D672D63617074696F6E223E266E6273703B3C2F703E0D0A3C2F6469763E0D0A3C703EE78EB0E59CBAE59BBE3C2F703E0D0A3C703E3620E69C8820323820E697A520313120E697B620333020E58886E8AEB8EFBC8CE4B88AE6B5B7E4B896E5A496E5B08FE5ADA6E6B5A6E58C97E8B7AFE6A0A1E58CBAE997A8E58FA3E4B880E794B7E5AD90E68C81E58880E7A08DE4BCA4E4B8A4E5908DE5B08FE5ADA6E7949FE4B88EE4B880E5908DE68890E5B9B4E4BABAE38082E79BAEE5898DE58F97E4BCA4E5ADA6E7949FE5B7B2E8A2ABE98081E5BE80E58CBBE999A2E68AA2E69591EFBC8CE7A08DE4BABAE794B7E5AD90E5B7B2E8A2ABE8ADA6E696B9E68EA7E588B6E38082E79BB8E585B3E68385E586B5E6ADA3E59CA8E8BF9BE4B880E6ADA5E8B083E69FA5E4B8ADE380823C2F703E0D0A3C703EE68DAEE69C80E696B0E6B688E681AFEFBC8CE4B8A4E5908DE5B08FE5ADA6E7949FE5B7B2E4B88DE5B9B8E7A6BBE4B896E380823C2F703E0D0A3C703EEFBC88E69DA5E6BA90EFBC9AE8ADA6E6B091E79BB4E9809AE8BDA6EFBC893C2F703E0D0A3C2F6469763E0D0A3C2F626F64793E0D0A3C2F68746D6C3E, '1', '2', '2018-06-28 16:57:37', '2018-06-28 16:57:37', '1', '2');
INSERT INTO `app01_bbs` VALUES ('6', '甘肃女孩跳楼事件中恶意起哄者被抓捕：我当时喝了酒', '央视网消息：19岁的少女最终从楼上跳下，结束了宝贵的生命。就在家人和救援人员惋惜痛苦的时候，一些围观群众，却呈现出了众生百态。', 0x3C21444F43545950452068746D6C3E0D0A3C68746D6C3E0D0A3C686561643E0D0A3C2F686561643E0D0A3C626F64793E0D0A3C703EE68DAEE58F82E4B88EE69591E68FB4E79A84E6B091E8ADA6E58898E58D9AE59B9EE5BF86EFBC8CE59CA8E585ABE6A5BCE79A84E4B889E4B8AAE5A49AE5B08FE697B6E9878CEFBC8CE4BE9DE4BE9DE79A84E68385E7BBAAE6B3A2E58AA8E5BE88E5A4A7EFBC8CE5B9B6E4B894E7AB99E7AB8BE59CA8E5B9B3E58FB0E4B88AEFBC8CE5A682E69E9CE7A88DE69C89E4B88DE6858EE5B0B1E4BC9AE587BAE78EB0E58DB1E999A9E68385E586B5EFBC8CE7BB8FE8BF87E6B091E8ADA6E58898E58D9AE79A84E5AE89E68A9AEFBC8CE4BE9DE4BE9DE79A84E68385E7BBAAE98090E6B890E5B9B3E99D99E4BA86E4B880E4BA9BEFBC8CE5B9B6E59D90E59CA8E4BA86E5B9B3E58FB0E4B88AE38082E8BF99E8AEA9E4BB96E5928CE78EB0E59CBAE8AEB8E5A49AE59BB4E8A782E79A84E7BEA4E4BC97E995BFE88892E4BA86E4B880E58FA3E6B094E380823C2F703E0D0A3C703E3C7374726F6E673EE5BA86E998B3E5B882E585ACE5AE89E5B180E8A5BFE5B3B0E58886E5B180E58D97E8A197E6B4BEE587BAE68980E58A9EE6A188E4BEA6E7A0B4E4BA8CE4B8ADE9989FE4B8ADE9989FE995BF20E58898E58D9AEFBC9A3C2F7374726F6E673EE5A5B9E4BB8EE7AB99E79D80E59D90E4B88BE69DA5EFBC8CE59D90E4B88BE69DA5E99DA0E5908EE79A84E697B6E58099EFBC8CE5A4A7E5AEB6E79A84E8AF9DE983BDE698AFE9BC93E68E8CEFBC8CE784B6E5908EE5B0B1E698AFE5BE88E5A5BDE79A84E4B880E4BA9BE6ADA3E99DA2E79A84E4B880E4BA9BE982A3E4B8AAEFBC8CE68891E5B0B1E8B79FE5A791E5A898E8AFB4EFBC8CE68891E8AFB4E79C8BE8BF98E698AFE5A5BDE4BABAE5A49AEFBC8CE5B9B6E4B88DE698AFE68980E69C89E79A84E4BABAE983BDE698AFE59D8FE4BABAEFBC8CE5A5BDE4BABAE5A49AEFBC8CE784B6E5908EE5A5B9E982A3E697B6E58099E698AFE5B9B3E5A48DE79A84EFBC8CE784B6E5908EE5838FE8BF99E7A78DE6AF94E8BE83E5A4A7E79A84E8BF99E7A78DE6B3A2E58AA8EFBC8CE5B0B1E698AFE4B88BE99DA2E5A4A7E79A84E8BF99E7A78DE5A3B0E5938DE79A84E8AF9DE380823C2F703E0D0A3C703EE68DAEE5BD93E697B6E59CA8E78EB0E59CBAE59BB4E8A782E79A84E4B880E4BD8DE7BEA4E4BC97E59B9EE5BF86EFBC8CE5A5B9E79C8BE588B0E5A5B3E5ADA9E59CA8E585ABE6A5BCE5B9B3E58FB0E4B88AE5BE85E4BA86E4B889E4B8AAE5A49AE5B08FE697B6EFBC8CE5A5B9E5BD93E697B6E683B3E5A5B3E5ADA9E4B880E5AE9AE698AFE98187E588B0E4BA86E99ABEE9A298E38082E6999AE4B88AE4B883E782B9E58D81E4BA94E58886EFBC8CE5BD93E5A5B3E5ADA9E4BE9DE4BE9DE69DBEE5BC80E6B688E998B2E59198E79A84E6898BE4B88EE4B896E7958CE5918AE588ABE697B6EFBC8CE59CA8E6B688E998B2E59198E69295E5BF83E8A382E882BAE79A84E5968AE58FABE4B8ADEFBC8CE59CA8E69591E68FB4E6B091E8ADA6E7979BE593ADE697B6EFBC8CE59BB4E8A782E7BEA4E4BC97E4B99FE58F91E587BAE6838AE8AEB6E79A84E5A3B0E99FB3E5B9B6E4B8BAE4B98BE6838BE6839CE380823C2F703E0D0A3C703E3C7374726F6E673EE79BAEE587BBE88085EFBC9A3C2F7374726F6E673EE68891E5889AE588B0E8BF99E4B8AAE4B8ADE997B4E79A84E697B6E58099EFBC8CE4BB96E5889AE5A5BDE8B7B3E79A84E982A3E4B8AAE79EACE997B4EFBC8CE5A4A7E5AEB6E882AFE5AE9AE5B0B1EFBC8CE5958AEFBC8CE5A4A7E5A3B0E4B880E58FABE5989BEFBC8CE5BE88E6838AE8AEB6EFBC8CE8B7B3E4B88BE69DA5E4BA86E380823C2F703E0D0A3C703E3C7374726F6E673EE59BB4E8A782E88085EFBC9A3C2F7374726F6E673EE588B0E4B883E782B9E5A49AE79A84E697B6E58099E5B0B1E58F91E78EB0E69C8BE58F8BE59C88E69C89E68E89E4B88BE69DA5E79A84E8A786E9A291EFBC8CE5B0B1E796AFE4BCA0E4BA86EFBC8CE8808CE4B894E6AF8FE4B8AAE4BABAE58F91E79A84E8AF9DE983BDE698AFE982A3E4B880E688AAEFBC8CE68E89E4B88BE69DA5E982A3E4B880E688AAEFBC8CE789B9E588ABE79A84E6AE8BE5BF8DE38082E79C9FE79A84E698AFE982A3E4B988E5A5BDE982A3E4B988E5B9B4E8BDBBE79A84E5A5B3E5ADA9E5AD90EFBC8CE79C9FE79A84E683B3E4B88DE9809AE380823C2F703E0D0A3C64697620636C6173733D227067632D696D67223E3C696D67207372633D22687474703A2F2F70312E7073746174702E636F6D2F6C617267652F7067632D696D6167652F31353330313635323532393236343235663831386538352220616C743D22E79498E88283E5A5B3E5ADA9E8B7B3E6A5BCE4BA8BE4BBB6E4B8ADE681B6E6848FE8B5B7E59384E88085E8A2ABE68A93E68D95EFBC9AE68891E5BD93E697B6E5969DE4BA86E9859222202F3E0D0A3C7020636C6173733D227067632D696D672D63617074696F6E223EE8A786E9A291E688AAE59BBEEFBC9AE59BB4E8A782E7BEA4E4BC97E4B8ADE5AD98E59CA8E79D80E4B880E4BA9BE681B6E6848FE8B5B7E59384E79A84E4BABA3C2F703E0D0A3C2F6469763E0D0A3C703EE59CA8E78EB0E59CBAE4BBA5E58F8AE9809AE8BF87E7BD91E7BB9CE5BE97E79FA5E5A5B3E7949FE8B7B3E6A5BCE79A84E7BEA4E4BC97E4B8ADEFBC8CE69C89E4B8BAE4BA86E5A5B3E5ADA9E5AE89E58DB1E8808CE68FAAE5BF83E79A84E4BABAEFBC8CE4B99FE69C89E78C9CE6B58BE5A5B3E5ADA9E98187E588B0E59BB0E99ABEE79A84E4BABAEFBC8CE8BF98E69C89E4B8BAE5A5B3E5ADA9E7949FE591BDE9809DE58EBBE8808CE6838BE6839CE79A84E4BABAE38082E784B6E8808CE9809AE8BF87E7BD91E7BB9CE4B88AE79A84E79BB4E692ADE5B9B3E58FB0EFBC8CE58FAFE4BBA5E4BA86E8A7A3E588B0EFBC8CE59CA8E59BB4E8A782E7BEA4E4BC97E4B8ADE5AD98E59CA8E79D80E4B880E4BA9BE681B6E6848FE8B5B7E59384E79A84E4BABAE38082E5908CE6A0B7EFBC8CE59CA8E7BD91E4B88AE59BB4E8A782E79A84E7BEA4E4BC97E4B8ADE4B99FE5AD98E59CA8E79D80E8B5B7E59384E79A84E78EB0E8B1A1E38082E59CA8E8BF9DE6B395E8A18CE4B8BAE4BABAE799BDE69F90E68980E59CA8E79A84E4B880E4B8AAE5BEAEE4BFA1E7BEA4E4B8ADEFBC8CE5BD93E69C89E4BABAE8BDACE58F91E4BA86E78EB0E59CBAE79A84E8A786E9A291E5908EEFBC8CE5B0B1E69C89E4BABAE59CA8E4B88BE99DA2E58F91E8A1A8E4BA86E4B88DE5BD93E79A84E8A880E8AEBAE380823C2F703E0D0A3C703E3C7374726F6E673EE8BF9DE6B395E8A18CE4B8BAE4BABA20E799BDE69F90EFBC9A3C2F7374726F6E673EE69C89E4BA9BE4BABAE58F91E8A786E9A291EFBC8CE784B6E5908EE68EA5E79D80E69C89E4BA9BE4BABAE5B0B1E58F91E982A3E4BA9BE8AF9DEFBC8CE68891E5B0B1E8A789E5BE97EFBC8CE59BA0E4B8BAE68891E4B99FE4B88DE79FA5E98193E68385E586B5EFBC8CE590ACE4BB96E4BBACE8AFB4E698AFE4B880E4B8AAEFBC8CE982A3E4B8AAE5A5B3E5ADA9E5AD90E5B0B1E8AFB4E698AFE8B79FE794B7E69C8BE58F8BE58886E6898BE4BA86E8BF98E698AFE6808EE4B988E79A84E8A681E8B7B3E6A5BCEFBC8CE5B0B1E8A789E5BE97E68CBAE4B88DE580BCE5BE97E79A84EFBC8CE68891E5B0B1E698AFE8A789E5BE97E8BF99E7A78DE4BA8BE68385E5B0B1E8AFB4E698AFE4BDA0E69C80E8B5B7E7A081E79A84E8AF9DEFBC8CE4BDA0E4B88DE5BA94E8AFA5E8BF99E6A0B7E5819AEFBC8CE5B0B1E8A789E5BE97E58F8DE6ADA3E5B0B1E698AFEFBC8CE5B0B1E698AFE4B88DE5A5BDE8AFB4E4BA86E4B8A4E58FA5E789B9E588ABE4B88DE5A5BDE79A84E8AF9DE380823C2F703E0D0A3C703E3C7374726F6E673EE5BA86E998B3E5B882E585ACE5AE89E5B180E8A5BFE5B3B0E58886E5B180E694BFE5A79420E88296E5BBBAE5869BEFBC9A3C2F7374726F6E673EE8BF99E4B8AAE8A786E9A291E698AFE588ABE4BABAE58F91E8BF87E69DA5E79A84EFBC8CE5B9B6E4B894E799BDE69F90E59CA8E5908EE99DA2E58F91E4BA86E4B880E4BA9BE4B88DE889AFE79A84E4BFA1E681AFEFBC8CE784B6E5908EE8BF99E4B8AAE5BEAEE4BFA1E7BEA4E58F8BE8BDACE58F91E5A4A7E6A682E69C89E4B880E58D83E6ACA1E5B7A6E58FB3EFBC8CE8BF98E69C89E8AF84E8AEBAE5A4A7E6A682E69C89E585ADE4B883E799BEE69DA1E380823C2F703E0D0A3C64697620636C6173733D227067632D696D67223E3C696D67207372633D22687474703A2F2F70312E7073746174702E636F6D2F6C617267652F7067632D696D6167652F31353330313635323531383934333430373138326265392220616C743D22E79498E88283E5A5B3E5ADA9E8B7B3E6A5BCE4BA8BE4BBB6E4B8ADE681B6E6848FE8B5B7E59384E88085E8A2ABE68A93E68D95EFBC9AE68891E5BD93E697B6E5969DE4BA86E9859222202F3E0D0A3C7020636C6173733D227067632D696D672D63617074696F6E223E266E6273703B3C2F703E0D0A3C2F6469763E0D0A3C703EE799BDE69F90E59BA0E5AFBBE8A185E6BB8BE4BA8BE8A2ABE8ADA6E696B9E5A484E4BBA5E8A18CE694BFE68B98E79599E4BA94E697A5E79A84E5A484E7BD9AE380823C2F703E0D0A3C703E3C7374726F6E673EE5BA86E998B3E5B882E585ACE5AE89E5B180E8A5BFE5B3B0E58886E5B180E694BFE5A79420E88296E5BBBAE5869BEFBC9A3C2F7374726F6E673EE8BF98E69C89E4B880E4BD8DE58FABE799BDE69F90E781B5EFBC8CE4BB96E68A8AE8BF99E4B8AAE7BD91E7BB9CE4B88AE58F91E69DA5E79A84E78EB0E59CBAE79A84E8A786E9A291E58F91E588B0E5BFABE6898BE8BDAFE4BBB6E4B88AEFBC8CE784B6E5908EE58F88E8AFB4E4BA86E4B880E4BA9BE4B88DE889AFE79A84E8A880E8AEBAEFBC8CE69C80E5908EE68891E4BBACE4B99FE5AFB9E4BB96E8BF9BE8A18CE8A18CE694BFE5A484E7BD9AE380823C2F703E0D0A3C703EE999A4E4BA86E69C89E58F91E8A1A8E4B88DE5BD93E8A880E8AEBAE79A84E59BB4E8A782E88085EFBC8CE59CA836E69C883230E697A5E4BA8BE58F91E5BD93E5A4A9EFBC8CE69C89E4B8A4E4BABAE698AFE59BA0E4B8BAE5A6A8E7A28DE689A7E8A18CE8818CE58AA1E8A2ABE8ADA6E696B9E5B8A6E8B5B0E380823C2F703E0D0A3C64697620636C6173733D227067632D696D67223E3C696D67207372633D22687474703A2F2F70392E7073746174702E636F6D2F6C617267652F7067632D696D6167652F31353330313635323531393039653563326565623465342220616C743D22E79498E88283E5A5B3E5ADA9E8B7B3E6A5BCE4BA8BE4BBB6E4B8ADE681B6E6848FE8B5B7E59384E88085E8A2ABE68A93E68D95EFBC9AE68891E5BD93E697B6E5969DE4BA86E9859222202F3E0D0A3C7020636C6173733D227067632D696D672D63617074696F6E223E266E6273703B3C2F703E0D0A3C2F6469763E0D0A3C703E3C7374726F6E673EE8BF9DE6B395E8A18CE4B8BAE4BABA20E99988E69F90EFBC9A3C2F7374726F6E673EE5BD93E697B6E689A7E6B395E79A84E587A0E4B8AAE6B091E8ADA6E8BF87E69DA5E5B0B1E698AFE7968FE695A3E4BA86E7BEA4E4BC97EFBC8CE68891E5BD93E697B6E4B99FE5969DE4BA86E98592E4BA86EFBC8CE58FAFE883BDE698AFE59CA8E5908EE99DA2E4B880E79BB4E7968FE695A3E4BABAE7BEA4E79A84E4BABAEFBC8CE58FAFE883BDE5908EE99DA2E7A2B0E4B88AE68891E4BA86EFBC8CE68891E5BD93E697B6E4B99FE5969DE4BA86E98592E4BA86EFBC8CE58FAFE883BDE884BEE6B094E4B99FE4B88DE5A5BDEFBC8CE68081E5BAA6E4B99FE4B88DE6808EE4B988E5A5BDEFBC8CE69C80E5908EE8BF87E69DA5E587A0E4B8AAE6B091E8ADA6E5B0B1E58A9DE68891EFBC8CE5BD93E697B6E68891E68081E5BAA6E4B99FE4B88DE6808EE4B988E5A5BDEFBC8CE5B0B1E58F91E7949FE4BA86E586B2E7AA81EFBC8CE5B0B1E698AFE8AFADE8A880E4B88AE58F91E7949FE4BA86E586B2E7AA81E380823C2F703E0D0A3C703E3C7374726F6E673EE5BA86E998B3E5B882E585ACE5AE89E5B180E8A5BFE5B3B0E58886E5B180E694BFE5A79420E88296E5BBBAE5869BEFBC9A3C2F7374726F6E673EE5BD93E5A4A9E59CA8E69591E68FB4E78EB0E59CBAE69C89E69CB1E69F90E38081E99988E69F90E59CA8E78EB0E59CBAE8BEB1E9AA82E8B0A9E9AA82E689A7E58BA4E6B091E8ADA6EFBC8CE59CA8E78EB0E59CBAE69C89E5A4A7E5968AE5A4A7E58FABE5B9B2E689B0E69591E68FB4EFBC8CE59CA8E5B8A6E7A6BBE8BF87E7A88BE4B8ADE794A8E8849AE8B9ACE8B88FE8BDA6E997A8EFBC8CE68891E4BBACE5AFB9E99988E69F90E5928CE69CB1E69F90EFBC8CE68C89E785A7E6B2BBE5AE89E7AEA1E79086E5A484E7BD9AE6B395EFBC8CE5AFB9E69CB1E69F90E5A484E4BBA5E8A18CE694BFE68B98E7959935E697A5EFBC8CE5AFB9E99988E69F90E8A18CE694BFE68B98E7959937E697A5E79A84E5A484E7BD9AE380823C2F703E0D0A3C703EE6A0B9E68DAEE8ADA6E696B9E4BB8BE7BB8DEFBC8C20E688AAE6ADA2E588B032303138E5B9B436E69C883236E697A5EFBC8CE585B1E69C89E59B9BE5908DE59CA8E7BD91E7BB9CE4BBA5E58F8AE78EB0E59CBAE79A84E59BB4E8A782E7BEA4E4BC97EFBC8CE59BA0E998BBE7A28DE689A7E8A18CE8818CE58AA1E68896E88085E58F91E5B883E4B88DE5BD93E8A880E8AEBAE7AD89E8A18CE4B8BAEFBC8CE58886E588ABE8A2ABE8ADA6E696B9E4BBA5E5AFBBE8A185E6BB8BE4BA8BE38081E998BBE7A28DE689A7E8A18CE8818CE58AA1E7AD89E5A484E4BBA5E8A18CE694BFE68B98E79599E5A484E7BD9AE380823C2F703E0D0A3C703E3C7374726F6E673EE5BA86E998B3E5B882E585ACE5AE89E5B180E8A5BFE5B3B0E58886E5B180E694BFE5A79420E88296E5BBBAE5869BEFBC9A3C2F7374726F6E673EE78EB0E59CA8E68891E4BBACE8BF98E59CA8E8BF9BE4B880E6ADA5E68E92E69FA5E59CA8E7BD91E4B88AE58F91E5B883E4B88DE889AFE4BFA1E681AFEFBC8CE8AFAFE5AFBCE585ACE4BC97E79A84E8BF99E4BA9BE4BABAEFBC8CE5AFB9E4BB96E4BBACE5868DE8BF9BE4B880E6ADA5E8BF9BE8A18CE8B083E69FA5EFBC8CE5A682E69E9CE8B083E69FA5E6B885E6A59AE8BF98E4BC9AE4BE9DE6B395E8BF9BE8A18CE5A484E79086E79A84E380823C2F703E0D0A3C2F626F64793E0D0A3C2F68746D6C3E, '1', '2', '2018-06-28 17:39:23', '2018-06-28 17:39:23', '1', '1');
INSERT INTO `app01_bbs` VALUES ('7', '联合国官员支持中国拒收洋垃圾：国家有权保护公民免受污染威胁', '【环球时报综合报道】联合国环境规划署执行主任艾瑞克·索尔海姆3日晚在法国驻华大使馆接受《环球时报》记者采访，称赞中国全面禁收洋垃圾的举措。他说，每个国家都有权力保护公民免受垃圾污染的威胁，中国此举是值得肯定的。', 0x3C21444F43545950452068746D6C3E0D0A3C68746D6C3E0D0A3C686561643E0D0A3C2F686561643E0D0A3C626F64793E0D0A3C703E32303138E5B9B4E5B9B4E5889DE8B5B7EFBC8CE4B8ADE59BBDE5BC80E5A78BE585A8E99DA2E7A681E6ADA2E4BB8EE59BBDE5A496E8BF9BE58FA33234E7A78D266C6471756F3BE6B48BE59E83E59CBE26726471756F3BEFBC8CE4B880E4BA9BE6ACA7E7BE8EE59BBDE5AEB6E59BA0E6ADA4E587BAE78EB0E59E83E59CBEE5A086E7A7AFE5A682E5B1B1E79A84E68385E586B5E38082E5AFB9E6ADA4EFBC8CE7B4A2E5B094E6B5B7E5A786E8A1A8E7A4BAEFBC8C266C6471756F3BE8BF99E4BC9AE4BF83E4BDBFE6ACA7E7BE8EE59BBDE5AEB6E5AFBBE6B182E696B0E79A84E98094E5BE84E69DA5E8A7A3E586B3E59E83E59CBEE5BEAAE78EAFE79A84E997AEE9A29826726471756F3BE380823C2F703E0D0A3C703EE7B4A2E5B094E6B5B7E5A786E5928CE6B395E59BBDE5AEAAE6B395E5A794E59198E4BC9AE4B8BBE5B8ADE6B395E6AF94E5B0A4E696AF33E697A5E6999AE59CA8E58C97E4BAACE6B395E59BBDE5A4A7E4BDBFE9A686E4BB8BE7BB8DE4BA86E3808AE4B896E7958CE78EAFE5A283E585ACE7BAA6E3808BE79A84E68EA8E8BF9BE68385E586B5E38082E3808AE4B896E7958CE78EAFE5A283E585ACE7BAA6E3808BE698AFE59FBAE4BA8EE3808AE5B7B4E9BB8EE58D8FE5AE9AE3808BE5928CE88194E59088E59BBDE3808A32303330E5B9B4E58FAFE68C81E7BBADE58F91E5B195E8AEAEE7A88BE3808BEFBC8CE6A0B9E68DAEE696B0E79A84E784A6E782B9E997AEE9A298E58AA0E4BBA5E8A1A5E58585E38082E4BB8AE5B9B435E69C88E4B8ADE697ACEFBC8CE88194E59088E59BBDE5A4A7E4BC9AE68A95E7A5A8E9809AE8BF87E4B8BAE585ACE7BAA6E5BBBAE7AB8BE6A186E69EB6E380823C2F703E0D0A3C703EE6B395E6AF94E5B0A4E696AFE4BB8BE7BB8DE7A7B0EFBC8CE5B88CE69C9BE9809AE8BF87E58D8FE59586E5928CE8B088E588A4EFBC8CE69DA5E5BDA2E68890E69BB4E58AA0E585B7E69C89E6B395E5BE8BE7BAA6E69D9FE58A9BE79A84E585ACE7BAA6EFBC8CE4BBA5E68890E4B8BAE5A49AE8BEB9E6A186E69EB6E4B88BE5BA94E5AFB9E585A8E79083E6B094E58099E58F98E58C96E79A84E69C89E58A9BE4BF9DE99A9CE38082E4B8ADE59BBDE59CA8E68EA8E8BF9BE6ADA4E580A1E8AEAEE4B8ADE58F91E68CA5E4BA86E7A7AFE69E81E79A84E4BD9CE794A8E3808228E99988E99D92E99D92293C2F703E0D0A3C2F626F64793E0D0A3C2F68746D6C3E, '1', '2', '2018-07-04 10:34:09', '2018-07-04 10:34:09', '1', '1');
INSERT INTO `app01_bbs` VALUES ('8', '世界杯7月6日乌拉圭对法国比分预测和阵容分 数据分析对比 ', '2018世界杯四分之一决赛，乌拉圭将对战法国，两队的胜率以及历史战绩是球迷们关心的问题，因此下面小编为大家带来了7月6日乌拉圭对法国比分预测和阵容分析：全面详细数据分析对比，大家一起来看看吧！', 0x3C21444F43545950452068746D6C3E0D0A3C68746D6C3E0D0A3C686561643E0D0A3C2F686561643E0D0A3C626F64793E0D0A3C703E32303138E4BF84E7BD97E696AFE4B896E7958CE69DAFE9A696E59CBA312F34E586B3E8B59BE79A84E5AFB9E998B5E58F8CE696B9E4B99FE5B7B2E7BB8FE7A1AEE5AE9AEFBC8CE982A3E5B0B1E698AFE9989FE4B98CE68B89E59CADE9989FE5AFB9E998B5E6B395E59BBDE9989FE38082E79083E8BFB7E4BBACE69CACE5B88CE69C9BE59CA8312F34E586B3E8B59BE79C8BE588B0E6A285E8A5BFE5928C43E7BD97E59CA8E4B896E7958CE69DAFE4B88AE79A84E5AFB9E586B3EFBC8CE784B6E8808CE4B880E5A49CE4B98BE5908EEFBC8CE4B8A4E4BD8DE5B7A8E6989FE7BAB7E7BAB7E5918AE588ABE38082E4B98CE68B89E59CAD5653E6B395E59BBDE79A84E8BF99E59CBAE6AF94E8B59BE5B086E59CA8E58C97E4BAACE697B6E997B437E69C8836E697A5E6999A3232E782B9E8BF9BE8A18CEFBC8CE6AF94E8B59BE59CB0E782B9E59CA8E4B88BE8AFBAE5A4ABE593A5E7BD97E5BEB7E4BD93E882B2E59CBAE8BF9BE8A18CE380823C2F703E0D0A3C703E3C696D67207372633D22687474703A2F2F71696D672E68786E6577732E636F6D2F323031382F303730342F313533303636393336363134302E6A70672220616C743D22E4B896E7958CE69DAF37E69C8836E697A5E4B98CE68B89E59CADE5AFB9E6B395E59BBDE6AF94E58886E9A284E6B58BE5928CE998B5E5AEB9E5888620E695B0E68DAEE58886E69E90E5AFB9E6AF942220626F726465723D223022202F3E3C2F703E0D0A3C703EE998B5E5AEB9E58886E69E9020E4B98CE68B89E59CAD3C2F703E0D0A3C703E3C696D67207372633D22687474703A2F2F71696D672E68786E6577732E636F6D2F323031382F303730342F313533303636393336363136332E706E672220616C743D22E4B896E7958CE69DAF37E69C8836E697A5E4B98CE68B89E59CADE5AFB9E6B395E59BBDE6AF94E58886E9A284E6B58BE5928CE998B5E5AEB9E5888620E695B0E68DAEE58886E69E90E5AFB9E6AF942220626F726465723D223022202F3E3C2F703E0D0A3C703EE59CA832303138E5B9B4E4BF84E7BD97E696AFE4B896E7958CE69DAF312F38E586B3E8B59BE4B88AEFBC8CE4B98CE68B89E59CADE9989F32EFBC9A31E58A9BE5858BE891A1E89084E78999E9989FEFBC8CE79BB4E68EA5E5B08643E7BD97E98081E59B9EE5AEB6E380823C2F703E0D0A3C703E3C696D67207372633D22687474703A2F2F71696D672E68786E6577732E636F6D2F323031382F303730342F313533303636393336363832322E6A70672220616C743D22E4B896E7958CE69DAF37E69C8836E697A5E4B98CE68B89E59CADE5AFB9E6B395E59BBDE6AF94E58886E9A284E6B58BE5928CE998B5E5AEB9E5888620E695B0E68DAEE58886E69E90E5AFB9E6AF942220626F726465723D223022202F3E3C2F703E0D0A3C703EE58DA1E793A6E5B0BCE5A4B4E8849AE5B9B6E794A8266C6471756F3BE689B3E68E8926726471756F3BE891A1E89084E789993C2F703E0D0A3C703EE4B98CE68B89E59CADE68993E6B3953C2F703E0D0A3C703E3C7374726F6E673EE4B98CE68B89E59CADE68898E69CAFE68993E6B395EFBC9A3C2F7374726F6E673E3C2F703E0D0A3C703EE5A194E793A6E99BB7E696AFE79A84E4B98CE68B89E59CADE59D9AE68C81343432E68993E6B395EFBC8CE59BBAE5AE9AE79A84E59B9BE5908EE58DAB2BE58F8CE5908EE885B0E998B5E59E8BEFBC8CE5898DE59CBAE4BE9DE8B596E4B8AAE4BABAE883BDE58A9BE8A7A3E586B3E997AEE9A298E380823C2F703E0D0A3C703EE69588E58A9BE58AA0E68B89E5A194E890A8E99BB7E79A84E7A986E696AFE88EB1E68B89E698AFE99BB7E68993E4B88DE58AA8E79A84E4B880E58FB7E997A8E5B086EFBC8CE59CA8E998BFE6A0B9E5BBB7E88194E8B59BE997AFE88DA1E79A84E59D8EE5B895E5B0BCE4BA9AE5BD93E698AFE59088E6A0BCE38082E4B8ADE5908EE58DABE7BB84E59088E5AE8CE585A8E785A7E690ACE9A9ACE7AB9EEFBC8CE68888E4B881E5928CE4BB96E79A84E5B08FE5BC9FE5B88CE997A8E5B0BCE696AFE690ADE6A1A3EFBC8CE5908EE88085E79A84E9809FE5BAA6E5928CE781B5E6B4BBE789B9E680A7E681B0E5A5BDE5BDA2E68890E4BA92E8A1A5E38082E5B7A6E58FB3E4B8A4E8BEB9E58886E588ABE698AFE58AA0E696AFE9A1BF2662756C6C3BE5B8ADE5B094E793A6E5928CE9A9ACE5858BE8A5BF2662756C6C3BE4BDA9E99BB7E68B89E38082E4BB8AE5B9B433E69C88E79A84E4B8ADE59BBDE69DAFE4B88AEFBC8CE5A194E793A6E99BB7E696AFE5B09DE8AF95E8BF87E8AEA9E68B89E5858BE7B4A2E5B094E789B9E5928CE5B7B4E99BB7E68B89E5AEA2E4B8B2E5B7A6E58FB3E8BEB9E5908EE58DABEFBC8CE69588E69E9CE4B99FE8BF98E7AE97E4B88DE99499E380823C2F703E0D0A3C703E3C696D67207372633D22687474703A2F2F71696D672E68786E6577732E636F6D2F323031382F303730342F313533303636393336363230382E6A70672220616C743D22E4B896E7958CE69DAF37E69C8836E697A5E4B98CE68B89E59CADE5AFB9E6B395E59BBDE6AF94E58886E9A284E6B58BE5928CE998B5E5AEB9E5888620E695B0E68DAEE58886E69E90E5AFB9E6AF942220626F726465723D223022202F3E3C2F703E0D0A3C703EE4B8ADE59CBAE696B9E99DA2EFBC8CE5A194E793A6E99BB7E696AFE69BB4E99D92E79D90E58F8CE5908EE885B0E9858DE7BDAEEFBC8CE69DA5E887AAE6848FE794B2E79A84E8B49DE8A5BFE8AFBAE5928CE69CACE59DA6E5BA93E5B094E698AFE9A696E98089E38082E5B9B4E4BB853230E5B281E79A84E69CACE59DA6E5BA93E5B094E6BD9CE58A9BE697A0E99990EFBC8CE698AFE5B0A4E69687E59BBEE696AFE79A84E9878DE8A681E8BDAEE68DA2E38082E58886E5B185E4B8A4E7BFBCE79A84E7BD97E5BEB7E9878CE6A0BCE696AFE5928CE6A191E58887E696AFE69A82E697B6E5A794E8BAABE4BA8EE58D97E7BE8EE8B59BE59CBAEFBC8CE5908DE6B094E4B88DE5A4A7E4BD86E694BBE5AE88E585BCE5A487EFBC8CE99D9EE5B8B8E98082E59088E998B2E5AE88E58F8DE587BBE380823C2F703E0D0A3C703EE696AFE59BBEE4BA9AE5B0BCEFBC88E8B5ABE7BD97E7BAB3EFBC89E5928CE9A9ACE5858BE8A5BF2662756C6C3BE68888E9BAA6E696AFEFBC88E5A19EE5B094E5A194EFBC89E69CACE8B59BE5ADA3E59CA8E8A5BFE794B2E58F91E68CA5E587BAE889B2EFBC8CE4BD86E69C89E88B8FE4BA9AE99BB7E696AFE5928CE58DA1E793A6E5B0BCE58E8BE998B5E5B0B1E588ABE68C87E69C9BE9A696E58F91E38082E88B8FE4BA9AE99BB7E696AFE5898DE4B8A4E5B18AE4B896E7958CE69DAFE983BDE69C89E6838AE4B896E4B98BE4B8BEEFBC8CE4BB8AE5A48FE4BF84E7BD97E696AFE8B59BE59CBAE8BF98E4BC9AE69C89E4BB80E4B988E8A1A8E6BC94E580BCE5BE97E69C9FE5BE85E591A2EFBC9FE4B88DE8BF87EFBC8CE58DA1E793A6E5B0BCE59CA8E5AFB9E891A1E89084E78999E6AF94E8B59BE697B6E79A84E58F97E4BCA4E5B086E68890E4B8BAE4B98CE68B89E59CADE8BF9BE5869B34E5BCBAE79A84E99A90E682A3E380823C2F703E0D0A3C703EE4B98CE68B89E59CADE9A696E58F913C2F703E0D0A3C703E3C7374726F6E673EE4B98CE68B89E59CADE9A284E8AEA1E9A696E58F91EFBC9A3C2F7374726F6E673E3C2F703E0D0A3C703E3C7374726F6E673E3C696D67207372633D22687474703A2F2F71696D672E68786E6577732E636F6D2F323031382F303730342F313533303636393336363734332E6A70672220616C743D22E4B896E7958CE69DAF37E69C8836E697A5E4B98CE68B89E59CADE5AFB9E6B395E59BBDE6AF94E58886E9A284E6B58BE5928CE998B5E5AEB9E5888620E695B0E68DAEE58886E69E90E5AFB9E6AF942220626F726465723D223022202F3E3C2F7374726F6E673E3C2F703E0D0A3C703EE6B395E59BBDE4BB8BE7BB8D3C2F703E0D0A3C703EE6B395E59BBD3C2F703E0D0A3C703E3C696D67207372633D22687474703A2F2F71696D672E68786E6577732E636F6D2F323031382F303730342F313533303636393336363235332E6A70672220616C743D22E4B896E7958CE69DAF37E69C8836E697A5E4B98CE68B89E59CADE5AFB9E6B395E59BBDE6AF94E58886E9A284E6B58BE5928CE998B5E5AEB9E5888620E695B0E68DAEE58886E69E90E5AFB9E6AF942220626F726465723D223022202F3E3C2F703E0D0A3C703EE59CA832303138E5B9B4E4BF84E7BD97E696AFE4B896E7958CE69DAF312F38E586B3E8B59BE4B88AEFBC8CE6B395E59BBDE9989F34EFBC9A33E68898E8839CE998BFE6A0B9E5BBB7E9989FE68CBAE8BF9B38E5BCBAEFBC8CE79BB4E68EA5E98081E6A285E8A5BFE59B9EE5AEB6E38082E6B395E59BBDE4B8ADE59CBAE9A9ACE59BBEE4BC8AE8BFAAE69CACE59CBAE69F93E9BB84E7B4AFE7A7AFE4B8A4E9BB84E4B88BE59CBAE5B086E887AAE58AA8E5819CE8B59BE380823C2F703E0D0A3C703E3C696D67207372633D22687474703A2F2F71696D672E68786E6577732E636F6D2F323031382F303730342F313533303636393336363235352E6A70672220616C743D22E4B896E7958CE69DAF37E69C8836E697A5E4B98CE68B89E59CADE5AFB9E6B395E59BBDE6AF94E58886E9A284E6B58BE5928CE998B5E5AEB9E5888620E695B0E68DAEE58886E69E90E5AFB9E6AF942220626F726465723D223022202F3E3C2F703E0D0A3C703EE69CACE59CBAE6AF94E8B59B3139E5B281E79A84E5A786E5B7B4E4BDA9E68890E4B8BAE4BA86E7BB9DE5AFB9E784A6E782B9EFBC8CE4B88AE58D8AE59CBAE980A0E782B92BE4B88BE58D8AE59CBAE6A285E5BC80E4BA8CE5BAA6E6B798E6B1B0E998BFE6A0B9E5BBB7EFBC8CE5B9B4E4BB853139E5B281E79A84E5A786E5B7B4E4BDA9E5B7B2E7BB8FE4BB8EE5BD93E5889D43E7BD97E79A84E5B08FE8BFB7E5BC9FE68890E995BFE4BA86E4B896E7958CE69DAFE8B6B3E59D9BE696B0E4B880E4BBA3E9A286E5869BE4BABAE789A9E380823C2F703E0D0A3C703E3C696D67207372633D22687474703A2F2F71696D672E68786E6577732E636F6D2F323031382F303730342F313533303636393336363233362E6A70672220616C743D22E4B896E7958CE69DAF37E69C8836E697A5E4B98CE68B89E59CADE5AFB9E6B395E59BBDE6AF94E58886E9A284E6B58BE5928CE998B5E5AEB9E5888620E695B0E68DAEE58886E69E90E5AFB9E6AF942220626F726465723D223022202F3E3C2F703E0D0A3C703E323031382D30372D3031E6B395E59BBD34EFBC9A33E998BFE6A0B9E5BBB72043E7BD97E8BFB7E5BC9FE5A786E5B7B4E4BDA9283139E5B281293C2F703E0D0A3C703EE6B395E59BBDE68993E6B3953C2F703E0D0A3C703E3C7374726F6E673EE6B395E59BBDE68898E69CAFE68993E6B395EFBC9A3C2F7374726F6E673E3C2F703E0D0A3C703EE5AFB9E4BA8EE4B880E694AFE5A4A9E6898DE4BA91E99B86E79A84E79083E9989FE69DA5E8AEB2EFBC8CE5BEB7E5B09AE79A84E98089E4BABAE794A8E4BABAE4B880E79BB4E8A2ABE8AF9FE79785E38082E79BB8E4BFA1E58FAAE69C89E586A0E5869BE6898DE883BDE4BF9DE5BE97E4BD8FE5BEB7E5B09AE79A84E5B885E4BD8DEFBC8CE58FAAE69C89E586A0E5869BE6898DE883BDE58CB9E9858DE5A682E4BB8AE79A84E9AB98E58DA2E99B84E9B8A1E380823C2F703E0D0A3C703EE6B395E59BBDE9989FE6BBA1E698AFE99D92E5B9B4E6898DE4BF8AEFBC8CE6B49BE9878CE5B7B2E7BB8FE698AFE5B9B4E995BFE4BBA3E8A1A8E38082E4BD9CE4B8BAE9989FE995BFEFBC8CE6B49BE9878CE883BDE58A9BE6AF8BE5BAB8E7BDAEE79691EFBC8CE4BB8DE784B6E698AFE585A8E4B896E7958CE69C80E4BC98E7A780E79A84E997A8E5B086E4B98BE4B880E38082E4B8ADE58DABE4BABAE98089E59FBAE69CACE5B7B2E5AE9AE7A8B3E59BBAEFBC8CE4BD9CE4B8BAE5B7B4E890A8E79A87E9A9ACE79A84E4B8BBE58A9BE4B8ADE58DABEFBC8CE4B98CE5A786E89282E89282E5928CE793A6E68B89E58685E587A0E4B98EE5B7B2E7BB8FE99481E5AE9AE4B8BBE58A9BEFBC8CE98791E5BDADE8B49DE4BE9DE99DA0E69CACE8B59BE5ADA3E59CA8E5A4A7E5B7B4E9BB8EE79A84E7A8B3E59BBAE8A1A8E78EB0E5B086E68890E4B8BAE9A696E5B8ADE69BBFE8A1A5E38082E8BEB9E58DABE4BABAE98089E4B88AEFBC8CE997A8E8BFAAE899BDE784B6E5889AE5889AE4BCA4E68488EFBC8CE4BD86E5BA93E5B094E6898EE793A6E79BAEE5898DE8BF98E5A881E88381E4B88DE588B0E4BB96E79A84E59CB0E4BD8DEFBC8CE58FB3E8BEB9E79A84E8A5BFE8BFAAE8B49DE4B99FE79BB8E5AFB9E7A8B3E59BBAEFBC8CE4B88AE8B59BE5ADA3E5A4A7E69D80E59B9BE696B9E79A84E691A9E7BAB3E593A5E8BEB9E58DABE7BB84E59088EFBC8CE5B086E69C89E5B88CE69C9BE59CA8E4BF84E7BD97E696AFE88194E8A282E9878DE78EB0E380823C2F703E0D0A3C703E3C696D67207372633D22687474703A2F2F71696D672E68786E6577732E636F6D2F323031382F303730342F313533303636393336363932302E6A70672220616C743D22E4B896E7958CE69DAF37E69C8836E697A5E4B98CE68B89E59CADE5AFB9E6B395E59BBDE6AF94E58886E9A284E6B58BE5928CE998B5E5AEB9E5888620E695B0E68DAEE58886E69E90E5AFB9E6AF942220626F726465723D223022202F3E3C2F703E0D0A3C703EE58D9AE6A0BCE5B7B4E899BDE784B6E69CACE8B59BE5ADA3E59CA8E69BBCE88194E8A1A8E78EB0E5B7AEE5BCBAE4BABAE6848FEFBC8CE4BD86E4BE9DE784B6E4BC9AE7A8B3E59D90E4B8ADE59CBAE9A696E58F91E4BD8DE7BDAEE38082E59D8EE789B9E899BDE784B6E8BAABE69D90E79FAEE5B08FEFBC8CE4BD86E5BA95E79B98E69E81E585B6E695A6E5AE9EEFBC8CE5A594E8B791E883BDE58A9BE5A0AAE7A7B0E58F98E68081EFBC8CE5BFABE9809FE8B79FE998B2E5908EE79A84E4B88BE8849AE697A2E78BA0E58F88E7A8B3E38082E88EB1E696AFE789B9E59F8EE5928CE58887E5B094E8A5BFE58588E5908EE4BBA5E59D8EE789B9E4B8BAE4B8ADE59CBAE998B2E5AE88E59FBAE79FB3E69198E5BE97E4BA86E88BB1E8B685E6A182E586A0EFBC8CE59D8EE789B9E4B99FE59CA8E8BF99E4B8AAE8BF87E7A88BE4B8ADE685A2E685A2E59D90E7A8B3E4BA86E6B395E59BBDE9989FE4B8BBE58A9BE5908EE885B0E4BD8DE7BDAEE38082E69DA5E887AAE68B9CE4BB81E79A84E68998E588A9E7B4A2E4B99FE794A8E4BC98E7A780E79A84E8A1A8E78EB0E58FAFE883BDE4BC9AE8B5A2E5BE97E4B880E4B8AAE9A696E58F91E79A84E4BD8DE7BDAEE380823C2F703E0D0A3C703EE6A0BCE9878CE585B9E69BBCE697A0E79691E698AFE6B395E59BBDE5BD93E4BB8AE5A4B4E7898CE4BB96E59CA832303136E5B9B4E6ACA7E6B4B2E69DAFE68993E585A536E79083E68BBFE4B88BE98791E99DB4EFBC8CE5B9B6E4BD8DE4BA8EE6A285E7BD97E4B98BE5908EE68BBFE4B88BE98791E79083E5A596E7ACACE4B889E38082E5A786E5B7B4E4BDA9E5928CE5A5A5E696AFE69BBC2662756C6C3BE799BBE8B49DE88EB1E5B7B2E7BB8FE698AFE8BF99E4B8AAE6989FE79083E4B88AE69C80E5A5BDE79A84E4B8A4E4B8AA3935E5908EEFBC8CE5898DE88085E59CA8E5A4A7E5B7B4E9BB8EE7A8B3E59D90E9989FE58685E7ACACE4BA8CE68A8AE4BAA4E6A485EFBC8CE5908EE88085E8BDACE4BC9AE5B7B4E890A8E5908EE899BDE5B1A1E5B1A1E58F97E4BCA4EFBC8CE4BD86E694B6E5AE98E998B6E6AEB5E587BAE889B2E8A1A8E78EB0E69C89E79BAEE585B1E79DB9E380823C2F703E0D0A3C703EE6B395E59BBDE9989FE5A682E4BD95E7A0B4E5AF86E99B86E998B2E5AE88EFBC8CE5B086E4BC9AE698AFE6B395E59BBDE9989FE69CAAE69DA5E99C80E8A681E4B880E79BB4E99DA2E5AFB9E5B9B6E4B894E8A7A3E586B3E79A84E997AEE9A298E380823C2F703E0D0A3C703EE6B395E59BBDE9A696E58F913C2F703E0D0A3C703E3C7374726F6E673EE6B395E59BBDE9A284E8AEA1E9A696E58F91EFBC9A3C2F7374726F6E673E3C2F703E0D0A3C703E3C7374726F6E673E3C696D67207372633D22687474703A2F2F71696D672E68786E6577732E636F6D2F323031382F303730342F313533303636393336363431342E6A70672220616C743D22E4B896E7958CE69DAF37E69C8836E697A5E4B98CE68B89E59CADE5AFB9E6B395E59BBDE6AF94E58886E9A284E6B58BE5928CE998B5E5AEB9E5888620E695B0E68DAEE58886E69E90E5AFB9E6AF942220626F726465723D223022202F3E3C2F7374726F6E673E3C2F703E0D0A3C703E3C7374726F6E673EE4B98CE68B89E59CAD5653E6B395E59BBDE58E86E58FB2E68898E7BBA93C2F7374726F6E673E3C2F703E0D0A3C703E32303038E5B9B43131E69C883230E697A520E58F8BE8B08AE8B59B20E6B395E59BBD30E288B630E4B98CE68B89E59CAD3C2F703E0D0A3C703E32303032E5B9B436E69C8836E697A520E4B896E7958CE69DAF20E6B395E59BBD30E288B630E4B98CE68B89E59CAD3C2F703E0D0A3C703E31393636E5B9B437E69C883135E697A520E4B896E7958CE69DAF20E4B98CE68B89E59CAD32E288B631E6B395E59BBD3C2F703E0D0A3C703EE4BB8EE68898E7BBA9E79C8BEFBC8CE4B98CE68B89E59CADE69BB4E58DA0E4BC98E58ABF3C2F703E0D0A3C703EE6AF94E58886E9A284E6B58B3C2F703E0D0A3C703EE5B08FE7BC96E8AEA4E4B8BAE998B2E5AE88E69BB4E5A5BDE79A84E4B98CE68B89E59CADE883BDE7AC91E588B0E69C80E5908EE38082E9A284E8AEA1E6AF94E58886EFBC9AE4B98CE68B89E59CAD323A31E6B395E59BBD3C2F703E0D0A3C703E266E6273703B3C2F703E0D0A3C703EE4BBA5E4B88AE5B0B1E698AF37E69C8836E697A5E4B98CE68B89E59CADE5AFB9E6B395E59BBDE6AF94E58886E9A284E6B58BE5928CE998B5E5AEB9E58886E69E90EFBC9AE585A8E99DA2E8AFA6E7BB86E695B0E68DAEE58886E69E90E5AFB9E6AF94E79A84E58685E5AEB9EFBC8CE5B88CE69C9BE5AFB9E5A4A7E5AEB6E69C89E68980E5B8AEE58AA9312E3C2F703E0D0A3C2F626F64793E0D0A3C2F68746D6C3E, '1', '2', '2018-07-04 14:43:24', '2018-07-04 14:43:24', '6', '4');
INSERT INTO `app01_bbs` VALUES ('12', '梅西、内马尔、C罗豪宅太奢华，成名前房子超级破', '我们都知道娱乐圈很赢利，实在足球圈也是一样的，但比起娱乐圈，足球圈赚钱更难一些，也只有少数人才气到达顶端赚许多钱。而且成为足球巨星必要你付出很多积极，还要你有肯定的天赋。', 0x3C21444F43545950452068746D6C3E0D0A3C68746D6C3E0D0A3C686561643E0D0A3C2F686561643E0D0A3C626F64793E0D0A3C703EE8B6B3E79083E5B7A8E6989FE68C87E79A84E5A4A9E784B6E698AFE58685E9A9ACE5B094E38081E6A285E8A5BFE3808143E7BD97E8BF99E4BA9BE4BABAE595A6E38082E4BB96E4BBACE68890E5908DE5898DE5908EE79A84E5B7AEE5BC82E99D9EE5B8B8E5A4A7EFBC8CE79C8BE688BFE5AD90E5B0B1E58FAFE4BBA5E79C8BE587BAE8B59AE4BA86E5BE88E5A49AE992B1E380823C2F703E0D0A3C703E31E3808143E7BD973C2F703E0D0A3C64697620636C6173733D227067632D696D67223E3C696D67207372633D22687474703A2F2F70392E7073746174702E636F6D2F6C617267652F7067632D696D6167652F31353330363236343336333033386435653232636338652220616C743D22E6A285E8A5BFE38081E58685E9A9ACE5B094E3808143E7BD97E8B1AAE5AE85E5A4AAE5A5A2E58D8EEFBC8CE68890E5908DE5898DE688BFE5AD90E8B685E7BAA7E7A0B422202F3E0D0A3C7020636C6173733D227067632D696D672D63617074696F6E223E266E6273703B3C2F703E0D0A3C2F6469763E0D0A3C703E43E7BD97E4BB8EE5898DE79A84E688BFE5AD90E5BE88E7A0B4E697A7EFBC8CE5838FE698AFE7968FE5BC83E4BA86E5BE88E4B985EFBC8CE8808CE5A682E4BB8AE79A84E688BFE5AD90E4B88DE4BD86E99DA2E7A7AFE69BB4E5A4A7E69BB4E8B1AAE58D8EEFBC8CE5B0B1E8BF9EE6B8B8E6B3B3E6B1A0E983BDE4BFAEE79A84E5BE88E6B4BEE5A4B4EFBC81E8B1AAE5AE85E4BBA3E4BBB7373230E4B887E7BE8EE58583E380823C2F703E0D0A3C64697620636C6173733D227067632D696D67223E3C696D67207372633D22687474703A2F2F70332E7073746174702E636F6D2F6C617267652F7067632D696D6167652F31353330363236343336323836363763363132353433652220616C743D22E6A285E8A5BFE38081E58685E9A9ACE5B094E3808143E7BD97E8B1AAE5AE85E5A4AAE5A5A2E58D8EEFBC8CE68890E5908DE5898DE688BFE5AD90E8B685E7BAA7E7A0B422202F3E0D0A3C7020636C6173733D227067632D696D672D63617074696F6E223E266E6273703B3C2F703E0D0A3C2F6469763E0D0A3C703EE4B88DE8B8A2E79083E79A84E697B6E997B4E5B0B1E5A682E8AEB8E8BABAE59CA8E6B3B3E6B1A0E8BEB9E4BAABE58F97E998B3E58589EFBC8CE79C9FE79A84E698AFE4B880E4BBB6E5BE88E5B9B8E7A68FE79A84E4BA8BE5958AE380823C2F703E0D0A3C64697620636C6173733D227067632D696D67223E3C696D67207372633D22687474703A2F2F70392E7073746174702E636F6D2F6C617267652F7067632D696D6167652F31353330363236343336323930373361653131613939312220616C743D22E6A285E8A5BFE38081E58685E9A9ACE5B094E3808143E7BD97E8B1AAE5AE85E5A4AAE5A5A2E58D8EEFBC8CE68890E5908DE5898DE688BFE5AD90E8B685E7BAA7E7A0B422202F3E0D0A3C7020636C6173733D227067632D696D672D63617074696F6E223E266E6273703B3C2F703E0D0A3C2F6469763E0D0A3C703EE688BFE5AD90E58685E9878CE4B99FE698AFE8A385E4BFAEE79A84E5BE88E8B1AAE58D8EEFBC8CE5BE88E9A38EE99B85EFBC8CE79C8BE8B5B7E69DA543E7BD97E79A84E59280E59ABCE4B99FE4B88DE99499EFBC8CE5B9B6E4B88DE698AFE69AB4E58F91E688B7E79A84E8A385E4BFAEE9A38EE6A0BCE38082E8BF99E4B8AAE8BAABE4B896E58D91E5BEAEE79A84E794B7E5ADA9EFBC8CE99DA0E79D80E69CACE8BAABE79A84E58AAAE58A9BE68890E4B8BAE4BA86E8B685E7BAA7E8B6B3E79083E5B7A8E6989FEFBC8CE59CA8E8B1AAE5AE85E9878CE8BF87E4B88AE4BA86E5B9B8E7A68FE79A84E7949FE5AD98E380823C2F703E0D0A3C703E32E38081E6A285E8A5BF3C2F703E0D0A3C64697620636C6173733D227067632D696D67223E3C696D67207372633D22687474703A2F2F70332E7073746174702E636F6D2F6C617267652F7067632D696D6167652F31353330363236343336333033636666343564306631632220616C743D22E6A285E8A5BFE38081E58685E9A9ACE5B094E3808143E7BD97E8B1AAE5AE85E5A4AAE5A5A2E58D8EEFBC8CE68890E5908DE5898DE688BFE5AD90E8B685E7BAA7E7A0B422202F3E0D0A3C7020636C6173733D227067632D696D672D63617074696F6E223E266E6273703B3C2F703E0D0A3C2F6469763E0D0A3C703EE4BB8EE78EB0E59CA8E688BFE5AD90E4B88AE5B0B1E58FAFE4BBA5E79C8BE587BAEFBC8CE6A285E8A5BFE79C9FE79A84E789B9E6AE8AE5969CE5A5BDE8B6B3E79083E5958AEFBC8CE4B88DE4BB85E688BFE5AD90E79A84E5A496E5BDA2E5928CE8B6B3E79083E4B880E6A0B7E698AFE59C86E5BDA2EFBC8CE8808CE4B894E5B18BE9A1B6E8BF98E8AEA1E58892E4BA86E7BBBFE88D89E59CB0E38082E6A285E8A5BFE6B2A1E69C89E68890E5908DE5898DE79A84E688BFE5AD90E79C9FE79A84E5BE88E7A0B4E5958AEFBC8CE6849FE8A789E4B88BE99BA8E983BDE8A681E6BC8FE99BA8E79A84E982A3E7A78DE380823C2F703E0D0A3C64697620636C6173733D227067632D696D67223E3C696D67207372633D22687474703A2F2F70392E7073746174702E636F6D2F6C617267652F7067632D696D6167652F31353330363236343336323931396462346332323935362220616C743D22E6A285E8A5BFE38081E58685E9A9ACE5B094E3808143E7BD97E8B1AAE5AE85E5A4AAE5A5A2E58D8EEFBC8CE68890E5908DE5898DE688BFE5AD90E8B685E7BAA7E7A0B422202F3E0D0A3C7020636C6173733D227067632D696D672D63617074696F6E223E266E6273703B3C2F703E0D0A3C2F6469763E0D0A3C703EE8BF9CE699AFE8A782E79C8BE4B88BE6A285E8A5BFE79A84E8B1AAE5AE85EFBC8CE785A7E697A7E89BAEE69C89E5889BE6848FE79A84EFBC8CE79C8BE69DA5E5BD93E5889DE69E84E7AD91E79A84E697B6E58099E6A285E8A5BFE4B99FE698AFE5A4A7E8B4B9E88BA6E5BF83E5958AE38082E59CA8E8BF99E5BAA7E8B1AAE5AE85E9878CE99DA2EFBC8CE5B8A6E69C89E4B880E4B8AA535041E9A686E38081E4B880E4B8AAE7A781E5AEB6E5BDB1E999A2EFBC8CE695B4E6A08BE688BFE5AD90E4BBB7E580BC353133E4B887E7BE8EE58583E380823C2F703E0D0A3C703E33E38081E58685E9A9ACE5B0943C2F703E0D0A3C64697620636C6173733D227067632D696D67223E3C696D67207372633D22687474703A2F2F70332E7073746174702E636F6D2F6C617267652F7067632D696D6167652F31353330363236343336333637303434366632373137362220616C743D22E6A285E8A5BFE38081E58685E9A9ACE5B094E3808143E7BD97E8B1AAE5AE85E5A4AAE5A5A2E58D8EEFBC8CE68890E5908DE5898DE688BFE5AD90E8B685E7BAA7E7A0B422202F3E0D0A3C7020636C6173733D227067632D696D672D63617074696F6E223E266E6273703B3C2F703E0D0A3C2F6469763E0D0A3C703EE8BF99E79C9FE79A84E4B88DE698AFE5AEABE6AEBFE59097EFBC9FE58685E9A9ACE5B094E79A84E688BFE5AD90E4B99FE5A4AAE5A5A2E58D8EE4BA86EFBC8CE6849FE8A789E983BDE58FAFE4BBA5E68890E4B8BAE699AFE782B9E69DA5E68B8DE69184E5AEABE5BBB7E5A4A7E589A7E4BA86E380823C2F703E0D0A3C64697620636C6173733D227067632D696D67223E3C696D67207372633D22687474703A2F2F70312E7073746174702E636F6D2F6C617267652F7067632D696D6167652F31353330363236343336333633363431623061373032322220616C743D22E6A285E8A5BFE38081E58685E9A9ACE5B094E3808143E7BD97E8B1AAE5AE85E5A4AAE5A5A2E58D8EEFBC8CE68890E5908DE5898DE688BFE5AD90E8B685E7BAA7E7A0B422202F3E0D0A3C7020636C6173733D227067632D696D672D63617074696F6E223E266E6273703B3C2F703E0D0A3C2F6469763E0D0A3C703EE8BF99E6A08BE8B1AAE5AE85E4BBB7E580BC38383057E7BE8EE58583EFBC8CE5B8A6E69C89E78BACE7AB8BE6B8B8E6B3B3E6B1A0E38081E7BD91E79083E59CBAE38081E79BB4E58D87E69CBAE5819CE69CBAE59DAAE38082E59BA2E4BD93E79C8BE69DA5E8BF98E698AFE58685E9A9ACE5B094E79A84E688BFE5AD90E69BB4E8B1AAE58D8EE4B880E4BA9BEFBC8CE5A4A7E6A682E8BF99E4B99FE5928CE4BB96E78EB0E59CA8E6ADA3E5A484E4BA8EE5A587E8BFB9E4B88AE58D87E69C9FE69C89E585B3E380823C2F703E0D0A3C2F626F64793E0D0A3C2F68746D6C3E, '1', '2', '2018-07-04 14:55:44', '2018-07-04 14:55:44', '6', '4');
INSERT INTO `app01_bbs` VALUES ('13', '我是中国人', '中国人', 0x3C21444F43545950452068746D6C3E0D0A3C68746D6C3E0D0A3C686561643E0D0A3C2F686561643E0D0A3C626F64793E0D0A3C703EE4B8ADE59BBDE4BABAE4B8ADE59BBDE4BABAE4B8ADE59BBDE4BABAE4B8ADE59BBDE4BABAE4B8ADE59BBDE4BABAE4B8ADE59BBDE4BABAE4B8ADE59BBDE4BABAE4B8ADE59BBDE4BABAE4B8ADE59BBDE4BABAE4B8ADE59BBDE4BABAE4B8ADE59BBDE4BABAE4B8ADE59BBDE4BABAE4B8ADE59BBDE4BABAE4B8ADE59BBDE4BABAE4B8ADE59BBDE4BABAE4B8ADE59BBDE4BABAE4B8ADE59BBDE4BABAE4B8ADE59BBDE4BABAE4B8ADE59BBDE4BABAE4B8ADE59BBDE4BABAE4B8ADE59BBDE4BABAE4B8ADE59BBDE4BABAE4B8ADE59BBDE4BABAE4B8ADE59BBDE4BABAE4B8ADE59BBDE4BABAE4B8ADE59BBDE4BABAE4B8ADE59BBDE4BABAE4B8ADE59BBDE4BABAE4B8ADE59BBDE4BABAE4B8ADE59BBDE4BABAE4B8ADE59BBDE4BABAE4B8ADE59BBDE4BABAE4B8ADE59BBDE4BABAE4B8ADE59BBDE4BABAE4B8ADE59BBDE4BABAE4B8ADE59BBDE4BABAE4B8ADE59BBDE4BABAE4B8ADE59BBDE4BABAE4B8ADE59BBDE4BABAE4B8ADE59BBDE4BABAE4B8ADE59BBDE4BABAE4B8ADE59BBDE4BABAE4B8ADE59BBDE4BABAE4B8ADE59BBDE4BABAE4B8ADE59BBDE4BABAE4B8ADE59BBDE4BABAE4B8ADE59BBDE4BABAE4B8ADE59BBDE4BABAE4B8ADE59BBDE4BABAE4B8ADE59BBDE4BABAE4B8ADE59BBDE4BABAE4B8ADE59BBDE4BABAE4B8ADE59BBDE4BABA3C2F703E0D0A3C2F626F64793E0D0A3C2F68746D6C3E, '1', '2', '2018-07-04 15:16:41', '2018-07-04 15:16:41', '6', '1');
INSERT INTO `app01_bbs` VALUES ('14', '租金25元 赔偿290元 共享汽车变“共享车损”？', '眼下，杭州路面上随处可见来自各种租赁平台、不同品牌的新能源汽车。不限行、租还方便、结算快捷，“共享汽车”正在杭州跑马圈地。', 0x3C21444F43545950452068746D6C3E0D0A3C68746D6C3E0D0A3C686561643E0D0A3C2F686561643E0D0A3C626F64793E0D0A3C703EE68980E8B093266C6471756F3BE585B1E4BAABE6B1BDE8BDA626726471756F3BEFBC8CE5B0B1E698AFE6B1BDE8BDA6E58886E697B6E7A79FE8B581EFBC8CE698AFE4BBA5E58886E9929FE68896E5B08FE697B6E7AD89E4B8BAE8AEA1E4BBB7E58D95E4BD8DEFBC8CE588A9E794A8E7A7BBE58AA8E4BA92E88194E7BD91E38081E585A8E79083E5AE9AE4BD8DE7AD89E4BFA1E681AFE68A80E69CAFE69E84E5BBBAE7BD91E7BB9CE69C8DE58AA1E5B9B3E58FB0EFBC8CE4B8BAE794A8E688B7E68F90E4BE9BE887AAE58AA9E5BC8FE8BDA6E8BE86E9A284E5AE9AE38081E8BDA6E8BE86E58F96E8BF98E38081E8B4B9E794A8E7BB93E7AE97E4B8BAE4B8BBE8A681E696B9E5BC8FE79A84E5B08FE5BEAEE59E8BE5AEA2E8BDA6E7A79FE8B581E69C8DE58AA1EFBC8CE698AFE4BCA0E7BB9FE5B08FE5BEAEE59E8BE5AEA2E8BDA6E7A79FE8B581E59CA8E69C8DE58AA1E6A8A1E5BC8FE38081E68A80E69CAFE38081E7AEA1E79086E4B88AE79A84E5889BE696B0EFBC8CE694B9E59684E4BA86E794A8E688B7E4BD93E9AA8CEFBC8CE4B8BAE59F8EE5B882E587BAE8A18CE68F90E4BE9BE4BA86E4B880E7A78DE696B0E79A84E98089E68BA9EFBC8CE69C89E58AA9E4BA8EE5878FE5B091E4B8AAE4BABAE8B4ADE8BDA6E6848FE684BFEFBC8CE4B880E5AE9AE7A88BE5BAA6E4B88AE7BC93E8A7A3E4BA86E59F8EE5B882E7A781E4BABAE5B08FE6B1BDE8BDA6E4BF9DE69C89E9878FE5BFABE9809FE5A29EE995BFE8B68BE58ABFE4BBA5E58F8AE5AFB9E98193E8B7AFE5928CE5819CE8BDA6E8B584E6BA90E79A84E58DA0E794A8E380823C2F703E0D0A3C703EE784B6E8808CEFBC8CE6ADA3E5A682266C6471756F3BE585B1E4BAABE58D95E8BDA626726471756F3BE689A9E5BCA0E697B6E981ADE98187E4BA86E4B88DE5B091E5B0B4E5B0ACEFBC8C266C6471756F3BE585B1E4BAABE6B1BDE8BDA626726471756F3BE5A682E4BB8AE4B99FE98187E588B0E4BA86E4B880E4BA9BE997AEE9A298EFBC8CE8AEA9E794A8E688B7E5928CE4BC81E4B89AE983BDE4B88DE5A4AAE788BDE38082E5898DE5A4A9EFBC8CE4B880E4BD8DE7BD91E58F8BE59CA8E69DADE5B79EE69CACE59CB0E69F90E8AEBAE59D9BE58F91E5B896EFBC8CE8AF89E8AFB4E887AAE5B7B1E59CA8E7A79FE794A8266C6471756F3BE585B1E4BAABE6B1BDE8BDA626726471756F3BE697B6E981ADE98187E4BA86E88EABE5908DE585B6E5A699E79A84E7B4A2E8B594EFBC8CE69C80E7BB88E58FAAE883BDE7A0B4E8B4A2E98081E8B5B0E9BABBE783A6E380823C2F703E0D0A3C703EE4BA8BE68385E698AFE6808EE4B988E58F91E7949FE79A84EFBC9FE8BF99E8B5B7E7BAA0E7BAB7E8838CE5908EE58F88E69C89E6808EE6A0B7E79A84E6B7B1E5B182E8AFB1E59BA0E591A2EFBC9FE8AEB0E88085E8BF9BE8A18CE4BA86E8B083E69FA5E380823C2F703E0D0A3C703E3C7374726F6E673EE4BA8BE4BBB63C2F7374726F6E673E3C2F703E0D0A3C703E3C7374726F6E673EE7A79FE98791E6898D3235E58583EFBC8CE58DB4E8A681E8B594323930E58583E8BDAEE8838EE992B13C2F7374726F6E673E3C2F703E0D0A3C703E3C7374726F6E673EE5AEA2E69C8DE79A84E8A7A3E9878AE8AEA9E5B08FE4BC99E5AD90E68993E4BA86E4B8AAE5AF92E688983C2F7374726F6E673E3C2F703E0D0A3C703EE698A8E5A4A9EFBC8CE8AEB0E88085E9A696E58588E88194E7B3BBE4BA86E58F91E5B896E79A84E7BD91E58F8BE380823C2F703E0D0A3C703EE5B08FE9A9ACEFBC8CE79BAEE5898DE4BB8EE4BA8BE99480E594AEE8A18CE4B89AEFBC8CE7BB8FE5B8B8E59CA8E5A496E99DA2E8B791E4B89AE58AA1EFBC8CE68993E8BDA6E38081E7A79FE8BDA6E983BDE698AFE5B8B8E4BA8BE3808236E69C883236E697A5E4B88AE58D88EFBC8CE5B08FE9A9ACE5A496E587BAE58A9EE4BA8BEFBC8CE4BEBFE7A79FE794A8E4BA86E69F90E5B9B3E58FB0E79A84266C6471756F3BE585B1E4BAABE6B1BDE8BDA626726471756F3BE38082E58A9EE5AE8CE4BA8BE5908EEFBC8CE5B08FE9A9ACE59B9EE588B0E7A79FE8B581E782B9EFBC8CE5B086E8BDA6E98080E8BF98E380823C2F703E0D0A3C703E266C6471756F3BE68891E794A8E8BDA6E79A84E697B6E58099E4B880E58887E6ADA3E5B8B8EFBC8CE5898DE5908EE5B7AEE4B88DE5A49A3530E58886E9929FEFBC8CE7B3BBE7BB9FE698BEE7A4BAE79A84E8AEA1E4BBB7E698AF3235E58583E3808226726471756F3BE5B08FE9A9ACE8BF98E8BDA6E7BB93E6ACBEE5908EEFBC8CE4BBA5E4B8BAE5B0B1E6B2A1E4BB96E4BB80E4B988E4BA8BE4BA86EFBC8CE6B2A1E683B3E588B0E5B9B3E58FB0E5AEA2E69C8DE5BE88E5BFABE7BB99E4BB96E68993E58EBBE794B5E8AF9DEFBC8C266C6471756F3BE5AEA2E69C8DE8AFB4E68891E5889AE6898DE7A79FE794A8E79A84E982A3E8BE86E8BDA6E8BDAEE8838EE68AA5E5BA9FE4BA86EFBC8CE8A681E68891E59B9EE78EB0E59CBAE58D8FE8B083E4B880E4B88BE3808226726471756F3B3C2F703E0D0A3C703EE5B08FE9A9ACE69C89E782B9E89299EFBC8CE8BDAEE8838EE8A681E698AFE68AA5E5BA9FE4BA86EFBC8CE887AAE5B7B1E698AFE6808EE4B988E5BC80E59B9EE7A79FE8B581E782B9E79A84EFBC9FE4BB96E8B5B6E7B4A7E68A98E59B9EE7A79FE8B581E782B9EFBC8CE58F91E78EB0E5B7B2E7BB8FE69C89E6A380E4BFAEE59198E59CA8E982A3E9878CE7AD89E79D80E4BA86E38082266C6471756F3BE7BBB4E4BFAEE59198E8AFB4EFBC8CE8BDA6E5AD90E585B6E4B8ADE4B880E4B8AAE5908EE8BDAEE4B88AE69C89E4B8A5E9878DE79A84E58892E79795EFBC8CE8BDAEE8838EE5B7AEE4B88DE5A49AE68AA5E5BA9FE4BA86EFBC8CE99C80E8A681E68891E8B5B0E4B8AAE6B581E7A88BEFBC8CE8BF9BE8A18CE8B594E581BFE3808226726471756F3BE5B08FE9A9ACE8AFB4EFBC8CE5BD93E697B6E4BB96E5AE8CE585A8E683B3E4B88DE9809AEFBC8CE7A79FE8BDA6E697B6E6988EE6988EE6A380E69FA5E8BF87EFBC8CE8BDAEE8838EE4B88DE5AD98E59CA8E6BC8FE6B094E68385E586B5EFBC8CE4B880E8B7AFE4B88AE8A18CE9A9B6E4B99FE6B2A1E69C89E5BC82E5B8B8EFBC8CE6808EE4B988E8BDAEE8838EE5B0B1E7AA81E784B6E68AA5E5BA9FE4BA86E591A2EFBC9FE69BB4E4BD95E586B5EFBC8CE8BF99E4B8AAE68980E8B093266C6471756F3BE68AA5E5BA9F26726471756F3BE79A84E8BDAEE8838EEFBC8CE8838EE58E8BE983BDE8BF98E698AFE6ADA3E5B8B8E79A84E380823C2F703E0D0A3C703EE5B08FE9A9ACE8A1A8E7A4BAE4B88DE684BFE8B594E581BFEFBC8CE5B9B6E887B4E794B5E5B9B3E58FB0E5AEA2E69C8DE38082E5AEA2E69C8DE8A1A8E7A4BAEFBC8CE6A380E4BFAEE59198E4BC9AE5B086E8BDAEE8838EE5B8A6E59B9EE585ACE58FB8E6A380E6B58BEFBC8CE8AEA9E5B08FE9A9ACE7AD89E5BE85E6A380E6B58BE7BB93E69E9CE38082E5BD93E5A4A9E4B88BE58D88EFBC8CE5AEA2E69C8DE69C89E4BA86E59B9EE5A48DE38082266C6471756F3BE4BB96E4BBACE8AFB4E8BDAEE8838EE68AA5E5BA9FE4B88DE698AFE58892E79795E980A0E68890E79A84EFBC8CE8808CE698AFE8A2ABE99289E5AD90E6898EE4BA86E79A84E7BC98E69585E3808226726471756F3BE5B08FE9A9ACE4B88DE7A681E68993E4BA86E4B8AAE5AF92E68898EFBC8C266C6471756F3BE99ABEE98193E68891E7A79FE8BDA6E79A84E697B6E58099E8BF98E8A681E68A8AE8BDAEE8838EE68B86E4B88BE69DA5E6A380E69FA5E4B880E9818DEFBC9FE68891E8A681E698AFE697A9E79FA5E98193E8BDAEE8838EE9878CE69C89E99289E5AD90EFBC8CE8BF98E4BC9AE5BC80E8BDA6E4B88AE8B7AFE59097EFBC9F26726471756F3B3C2F703E0D0A3C703EE4BA8EE698AFEFBC8CE5B08FE9A9ACE5AFB9E5AEA2E69C8DE8A1A8E7A4BAEFBC8CE58FAFE4BBA5E8B083E99885E887AAE5B7B1E8A18CE9A9B6E8B7AFE7BABFE4B88AE79A84E79B91E68EA7EFBC8C266C6471756F3BE5A682E69E9CE68891E59CA8E8B7AFE4B88AE58F91E7949FE8BF87E588AEE693A6EFBC8CE68891E684BFE6848FE585A8E9A29DE8B594E581BFE3808226726471756F3BE784B6E8808CEFBC8CE5B9B3E58FB0E696B9E99DA2E59D9AE68C81E8AEA4E4B8BAEFBC8CE5B08FE9A9ACE698AFE69585E99A9CE8BDA6E8BE86E69C80E5908EE4B880E4BD8DE7A79FE794A8E88085EFBC8CE5BA94E5BD93E5AFB9E8BDA6E68D9FE8BF9BE8A18CE8B594E581BFEFBC8CE694AFE4BB98E8BDAEE8838EE8B4B9E794A8323930E58583E380823C2F703E0D0A3C703E266C6471756F3BE69CACE4BBA5E4B8BA266C7371756F3BE585B1E4BAABE6B1BDE8BDA626727371756F3BE68CBAE5A5BDE79A84EFBC8CE6808EE4B988E5B0B1E58F98E68890266C7371756F3BE585B1E4BAABE8BDA6E68D9F26727371756F3BE4BA86E591A2EFBC9F26726471756F3BE5B08FE9A9ACE697A0E5A588E59CB0E8AFB4EFBC8C266C6471756F3BE8BF99E6ACA1E7AE97E698AFE59083E4BA86E59391E5B7B4E4BA8FE4BA862668656C6C69703B2668656C6C69703B26726471756F3B3C2F703E0D0A3C703EE69BB4E4BBA4E5B08FE9A9ACE68B85E5BFA7E79A84E698AFEFBC8CE4BB96E59CA8E7A79FE8B581E782B9E4B88EE6A380E4BFAEE59198E58D8FE8B083E697B6EFBC8CE58F91E78EB0E58FA6E4B880E8BE86266C6471756F3BE585B1E4BAABE6B1BDE8BDA626726471756F3BE79A84E8BDAEE6AF82E5AD98E59CA8E5BDA2E58F98E38082266C6471756F3BE4B88DE79FA5E98193E4B88BE4B880E4B8AAE5BC80E982A3E8BE86E8BDA6E79A84E4BABAE4BC9AE4B88DE4BC9AE4B99FE8A2ABE59D91E3808226726471756F3B3C2F703E0D0A3C703E3C7374726F6E673EE8838CE699AF3C2F7374726F6E673E3C2F703E0D0A3C703E3C7374726F6E673EE59BBDE5AEB6E38081E59CB0E696B9E694BFE7AD96E694AFE68C81E9BC93E58AB1E5B08FE5BEAEE59E8BE6B1BDE8BDA6E58886E697B6E7A79FE8B581E79A84E58F91E5B1953C2F7374726F6E673E3C2F703E0D0A3C703E3C7374726F6E673EE69DADE5B79E266C6471756F3BE585B1E4BAABE6B1BDE8BDA626726471756F3BE58DA0E68DAEE696B0E883BDE6BA90E7A79FE8B581E6B1BDE8BDA6E5A4A7E58D8AE5A381E6B19FE5B1B13C2F7374726F6E673E3C2F703E0D0A3C703EE5B08FE9A9ACE79A84E981ADE98187E698AFE4B880E8B5B7E5B08FE7BAA0E7BAB7EFBC8CE698AFE581B6E58F91E79A84E4B8AAE6A188EFBC8CE4BD86E694BEE588B0E5BD93E5898DE6B1BDE8BDA6E7A79FE8B581E8A18CE4B89AE58F91E5B195E79A84E5A4A7E8838CE699AFE4B88BE79C8BEFBC8CE58F88E585B7E69C89E4B880E5AE9AE79A84E5BF85E784B6E680A7266D646173683B266D646173683B266C6471756F3BE585B1E4BAABE6B1BDE8BDA626726471756F3BE79A84E58F91E5B195E69C89E79D80E6988EE7A1AEE79A84E694BFE7AD96E694AFE68C81E8BDA8E8BFB9EFBC8CE8808CE8BF99E6A0B7E982A3E6A0B7E79A84E997AEE9A298E698AFE58F91E5B195E4B8ADE4B88DE58FAFE981BFE5858DE79A84E8AF95E99499E380823C2F703E0D0A3C703EE6B599E6B19FE698AFE6B1BDE8BDA6E58886E697B6E7A79FE8B581E58F91E5B195E8BE83E697A9E79A84E79C81E4BBBDE4B98BE4B880E38082E59CA832303136E5B9B4E79C81E58F91E694B9E5A794E58DB0E58F91E79A84E3808AE6B599E6B19FE79C81E696B0E883BDE6BA90E6B1BDE8BDA6E4BAA7E4B89A266C6471756F3BE58D81E4B889E4BA9426726471756F3BE58F91E5B195E8A784E58892E3808BE4B8ADE69C89E8BF99E6A0B7E79A84E8A1A8E8BFB0EFBC9AE68891E79C81E59CA8E696B0E883BDE6BA90E6B1BDE8BDA6E9A286E59F9FE7A7AFE69E81E68EA2E7B4A2E59586E4B89AE6A8A1E5BC8FE5889BE696B0EFBC8CE5BDA2E68890E4BA86E68DA2E794B5E38081E58886E697B6E7A79FE8B581E38081E58886E69C9FE7A79FE8B581E5928CE7BAAFE794B5E58AA8E5A4A7E5B7B4266C6471756F3BE89E8DE8B584E7A79FE8B58126726471756F3BE7AD89E6A8A1E5BC8F2668656C6C69703B2668656C6C69703BE5BAB7E8BFAAE794B5E58AA8E6B1BDE8BDA6E585ACE58FB8E7AD89E78E87E58588E59CA8E69DADE5B79EE68EA8E587BAE794B5E58AA8E6B1BDE8BDA6E58886E697B6E38081E58886E69C9FE7A79FE8B581E79A84E8BDA6E8BE86E695B0E9878FE5B7B2E69C893230303030E4BD99E8BE86EFBC8CE79BAEE5898DE5B7B2E68890E4B8BAE585A8E59BBDE68EA8E5B9BFE5BA94E794A8E69C80E4B8BAE68890E58A9FE79A84E6A8A1E5BC8FE4B98BE4B880EFBC8CE59CA8E585A8E59BBDE8AEB8E5A49AE59F8EE5B882E5BE97E588B0266C6471756F3BE5A48DE588B626726471756F3BE380823C2F703E0D0A3C703EE5908CE697B6EFBC8CE59CA8E3808AE6B599E6B19FE79C81E696B0E883BDE6BA90E6B1BDE8BDA6E4BAA7E4B89A266C6471756F3BE58D81E4B889E4BA9426726471756F3BE58F91E5B195E8A784E58892E3808BE79A84E585B7E4BD93E79BAEE6A087E4B8ADEFBC8CE68F90E587BAE8A681E59CA8E696B0E883BDE6BA90E6B1BDE8BDA6E68EA8E5B9BFE5BA94E794A8E696B9E99DA2E58F96E5BE97E5AE9EE69588EFBC8CE58A9BE4BA89E588B032303230E5B9B4EFBC8CE5BDA2E68890E8A686E79B96E585A8E79C81E79A84E696B0E883BDE6BA90E6B1BDE8BDA6E68EA8E5B9BFE5BA94E794A8E6A0BCE5B180EFBC8C266C6471756F3BE58D81E4B889E4BA9426726471756F3BE69C9FE997B4E7B4AFE8AEA1E68EA8E5B9BFE5BA94E794A8E696B0E883BDE6BA90E6B1BDE8BDA63233E4B887E8BE86E4BBA5E4B88AEFBC8CE7A781E5AEB6E8BDA6E8B4ADE4B9B0E6AF94E4BE8BE5A4A7E5B985E68F90E58D87EFBC8CE585ACE4BAA4E38081E78EAFE58DABE38081E789A9E6B581E38081E59586E4B89AE7A79FE8B581E7AD89E585ACE585B1E9A286E59F9FE696B0E883BDE6BA90E6B1BDE8BDA6E5BA94E794A8E6AF94E4BE8BE4B88DE4BD8EE4BA8E333025EFBC8CE696B0E5A29EE585ACE58AA1E8BDA6E98787E8B4ADE4B8ADE696B0E883BDE6BA90E6B1BDE8BDA6E58DA0E6AF94E4B88DE4BD8EE4BA8E353025E38082E794B1E6ADA4E58FAFE8A781EFBC8CE696B0E883BDE6BA90266C6471756F3BE585B1E4BAABE6B1BDE8BDA626726471756F3BE79A84E587BAE78EB0EFBC8CE4B880E5AE9AE7A88BE5BAA6E4B88AE9A1BAE5BA94E4BA86E68891E79C81E696B0E883BDE6BA90E6B1BDE8BDA6E4BAA7E4B89AE79A84E58F91E5B195E380823C2F703E0D0A3C703EE58FA6E4B880E696B9E99DA2EFBC8CE59BBDE5AEB6E5AFB9E4BA8EE5B08FE5BEAEE59E8BE6B1BDE8BDA6E79A84E58886E697B6E7A79FE8B581E4B99FE68C81E9BC93E58AB1E68081E5BAA6E38082E58EBBE5B9B4EFBC8CE4BAA4E9809AE8BF90E8BE93E983A8E38081E4BD8FE688BFE59F8EE4B9A1E5BBBAE8AEBEE983A8E88194E59088E58F91E5B883E4BA86E3808AE585B3E4BA8EE4BF83E8BF9BE5B08FE5BEAEE59E8BE5AEA2E8BDA6E7A79FE8B581E581A5E5BAB7E58F91E5B195E79A84E68C87E5AFBCE6848FE8A781E3808BEFBC8CE585B6E4B8ADE7ACACE59B9BE69DA1E5B0B1E698AF266C6471756F3BE9BC93E58AB1E58886E697B6E7A79FE8B581E58F91E5B19526726471756F3BEFBC8CE585B7E4BD93E58C85E68BAC266C6471756F3BE58585E58886E8AEA4E8AF86E58F91E5B195E58886E697B6E7A79FE8B581E79A84E4BD9CE794A826726471756F3B266C6471756F3BE7A791E5ADA6E7A1AEE5AE9AE58886E697B6E7A79FE8B581E58F91E5B195E5AE9AE4BD8D26726471756F3B266C6471756F3BE68F90E58D87E7BABFE4B88AE7BABFE4B88BE69C8DE58AA1E883BDE58A9B26726471756F3B266C6471756F3BE5BBBAE7AB8BE581A5E585A8E9858DE5A597E694BFE7AD96E68EAAE696BD26726471756F3BE8BF9934E782B9E8A681E6B182E380823C2F703E0D0A3C703EE59CA8E8BF99E6A0B7E79A84E8838CE699AFE4B88BEFBC8CE69DADE5B79EE79A84266C6471756F3BE585B1E4BAABE6B1BDE8BDA626726471756F3BE5BE97E588B0E4BA86E58FAFE68EA7E79A84E58F91E5B195E38082E8AEB0E88085E698A8E5A4A9E4BB8EE69DADE5B79EE5B882E69CBAE58AA8E8BDA6E69C8DE58AA1E7AEA1E79086E5B180E7A79FE8B581E5A484E4BA86E8A7A3E588B0EFBC8CE688AAE887B3E79BAEE5898DEFBC8CE69DADE5B79EE6B1BDE8BDA6E7A79FE8B581E5A487E6A188E4BC81E4B89AE69C89393937E5AEB6EFBC8CE7BB8FE890A5E8BDA6E8BE86E8B685E8BF873432303030E8BE86EFBC8CE585B6E4B8ADEFBC8CE696B0E883BDE6BA90E8BDA6E79A84E58DA0E6AF94E7A8B3E5AE9AE59CA8363025E4BBA5E4B88AEFBC8C266C6471756F3BE585B1E4BAABE6B1BDE8BDA626726471756F3BE58899E58DA0E68DAEE4BA86E696B0E883BDE6BA90E8BDA6E79A84E7BB9DE5A4A7E983A8E58886E4BBBDE9A29DE38082266C6471756F3B32303134E5B9B4E69DADE5B79EE5B08FE5AEA2E8BDA6E5AE9EE8A18CE99990E7898CE694BFE7AD96EFBC8CE68980E4BBA5EFBC8CE5BE88E5A49AE7A79FE8B581E4BC81E4B89AE79E84E58786E4BA86E696B0E883BDE6BA90E6B1BDE8BDA6EFBC8CE7BAB7E7BAB7E8B4ADE585A5E4B88DE99990E7898CE38081E4B88DE99990E8A18CE79A84E696B0E883BDE6BA90E6B1BDE8BDA6E3808226726471756F3BE5B882E69CBAE58AA8E8BDA6E69C8DE58AA1E7AEA1E79086E5B180E7A79FE8B581E5A484E5B7A5E4BD9CE4BABAE59198E8AFB4E380823C2F703E0D0A3C703E3C7374726F6E673EE8B083E69FA53C2F7374726F6E673E3C2F703E0D0A3C703E3C7374726F6E673EE7A79FE8BF98E6B581E7A88BE7AE80E58C96E38081E887AAE58AA9E5BC8FE7A79FE8B581E69893E980A0E68890E58F96E8AF81E59BB0E99ABE3C2F7374726F6E673E3C2F703E0D0A3C703E3C7374726F6E673E266C6471756F3BE69C89E9A9BEE785A7E5B0B1E883BDE5BC8026726471756F3BE68890E8BDA6E8BE86E69893E68D9FE59BA0E7B4A0E4B98BE4B8803C2F7374726F6E673E3C2F703E0D0A3C703EE694BFE7AD96E694AFE68C81E4B8BA266C6471756F3BE585B1E4BAABE6B1BDE8BDA626726471756F3BE58F91E5B195E68F90E4BE9BE4BA86E59C9FE5A3A4EFBC8CE4BD86E58F91E5B195E4B8ADE587BAE78EB0E79A84E997AEE9A298E4BB8DE99C80E5AFB9E79787E4B88BE88DAFE4BA88E4BBA5E8A7A3E586B3E38082E982A3E4B988EFBC8C266C6471756F3BE79785E781B626726471756F3BE4BD95E59CA8EFBC9FE698A8E5A4A9EFBC8CE8AEB0E88085E8B5B0E8AEBFE4BA86E4B8BBE59F8EE58CBAE5A49AE4B8AA266C6471756F3BE585B1E4BAABE6B1BDE8BDA626726471756F3BE7A79FE8B581E782B9EFBC8CE58F91E78EB0E4BA86E4B880E4BA9BE997AEE9A298E380823C2F703E0D0A3C703EE7A79FE794A8266C6471756F3BE585B1E4BAABE6B1BDE8BDA626726471756F3BE79A84E6B581E7A88BE698AFE58D81E58886E7AE80E4BEBFE79A84EFBC8CE5A4A7E983A8E58886E5B9B3E58FB0E79A84E8A681E6B182E4B99FE8BE83E4B8BAE4B880E887B4EFBC8CE58FAAE99C80E68F90E4BE9BE69CACE4BABAE9A9BEE9A9B6E8AF81E38081E8BAABE4BBBDE8AF81E8BF9BE8A18CE6A0B8E9AA8CEFBC8CE5868DE694AFE4BB98E4B880E5AE9AE68ABCE98791EFBC88E983A8E58886E5B9B3E58FB0E58FAFE6A0B9E68DAEE4B8AAE4BABAE4BFA1E794A8E9A29DE5BAA6E5858DE68ABCE98791EFBC89EFBC8CE4BEBFE58FAFE4BBA5E7A79FE794A8E8BDA6E8BE86E38082E6B581E7A88BE7AE80E58C96E79A84E5A5BDE5A484E698AFE4BDBFE7A79FE8BDA6E38081E8BF98E8BDA6E69BB4E4B8BAE5BFABE68DB7EFBC8CE58FAFE5BFABE68DB7E4B99FE5B8A6E69DA5E4BA86E7968FE5BFBDE79A84E58FAFE883BDE38082E8B083E69FA5E4B8ADEFBC8CE8AEB0E88085E58F91E78EB0EFBC8CE5B091E695B0E794A8E688B7E59BA0E4B8BAE680A5E4BA8EE794A8E8BDA6E68896E6B2A1E69C89E585BBE68890E4B88AE8BDA6E5898DE6A380E69FA5E8BDA6E586B5E79A84E4B9A0E683AFEFBC8CE59CA8E6898BE69CBAE4B88AE5AE8CE68890E7A79FE8BDA6E5908EEFBC8CE68B89E5BC80E8BDA6E997A8E4BEBFE58F91E58AA8E8BDA6E8BE86EFBC8CE8BF99E68890E4BA86E5AFBCE887B4E7BAA0E7BAB7E79A84E99A90E682A3E782B9E38082E8AF95E683B3EFBC8CE4B887E4B880E8BDA6E8BE86E5A496E8A782E38081E58685E9A5B0E68896E69CBAE6A2B0E5AD98E59CA8E997AEE9A298EFBC8CE697A5E5908EE7A79FE8B581E4BC81E4B89AE8BFBDE7A9B6E8B5B7E69DA5EFBC8CE794A8E688B7E99ABEE4BBA5E887AAE8AF81EFBC8CE69C89E58FA3E8AFB4E4B88DE6B885E380823C2F703E0D0A3C703EE58FA6E4B880E696B9E99DA2EFBC8CE7A79FE8B581E782B9E69C89E697A0E4BABAE59198E580BCE5AE88E5AFB9E7BAA0E7BAB7E79A84E4BAA7E7949FE4B99FE69C89E4BA9BE8AEB8E5BDB1E5938DE38082E59CA8E69C89E4B893E4B89AE4BABAE59198E7AEA1E79086E79A84E7A79FE8BDA6E7BD91E782B9EFBC8CE5B7A5E4BD9CE4BABAE59198E4BC9AE59CA8E8BDA6E8BE86E587BAE5BA93E697B6E587BAE585B7E9AA8CE8BDA6E58D95EFBC8CE5A682E8BDA6E8BE86E5AD98E59CA8E68D9FE59D8FEFBC8CE4BC9AE59CA8E9AA8CE8BDA6E58D95E4B88AE5819AE5A5BDE6A087E8AEB0E38082E8808CE59CA8E697A0E4BABAE580BCE5AE88E79A84E887AAE58AA9E5BC8FE7A79FE8B581E782B9EFBC8CE7A79FE8B581E5B9B3E58FB0E58FAAE883BDE9809AE8BF87E6898BE69CBAE68F90E98692EFBC8CE5918AE79FA5E794A8E688B7E59CA8E794A8E8BDA6E5898DE5908EE5AFB9E8BDA6E586B5E8BF9BE8A18CE6A380E69FA5E5B9B6E58F8AE697B6E68AA5E5918AE8BDA6E68D9FE68385E586B5EFBC8CE4BD86E8BF99E4B880E68F90E98692E5A4A7E5A49AE9809AE8BF87415050E68EA8E98081E38081E79FADE4BFA1E7AD89E99D9EE5BCBAE588B6E689A7E8A18CE79A84E696B9E5BC8FE5BCB9E587BAEFBC8CE794A8E688B7E698AFE590A6E8BF9BE8A18CE6A380E69FA5EFBC8CE5B9B3E58FB0E99ABEE4BBA5E5B9B2E9A284E380823C2F703E0D0A3C703EE794A8E8BDA6E5898DE5908EE8BDA6E586B5E6A380E69FA5E79A84E7BCBAE5A4B1E4B88DE4BB85E980A0E68890E5B9B3E58FB0E38081E794A8E688B7E58F8CE696B9E79A84E58F96E8AF81E59BB0E99ABEEFBC8CE4B99FE4BDBFE5BE97266C6471756F3BE585B1E4BAABE6B1BDE8BDA626726471756F3BE79A84E58D96E79BB8E58F97E588B0E4BA86E4B880E5AE9AE5BDB1E5938DE38082E59CA8E9BE99E7BF94E6A1A5E69F90E59CB0E4B88BE8BDA6E5BA93E58685E79A84E7A79FE8B581E782B9EFBC8CE8AEB0E88085E58F91E78EB0EFBC8CE6ADA4E5A484E6B2A1E69C89E4B893E4BABAE580BCE5AE88EFBC8CE4B99FE6B2A1E69C89E6988EE7A1AEE79A84E5918AE7A4BAEFBC8CE8808CE5819CE694BEE79D80E79A84266C6471756F3BE585B1E4BAABE6B1BDE8BDA626726471756F3BE587A0E4B98EE983BDE69C89E4B88DE5908CE7A88BE5BAA6E79A84E5A496E8A782E68D9FE59D8FEFBC8CE5A682E58892E79795E38081E587B9E999B7E7AD89E38082E69C89E4B880E4B8AAE5B08FE4BC99E5AD90E6ADA3E5A5BDE5898DE69DA5E7A79FE8BDA6EFBC8CE8AEB0E88085E4BEBFE4B88AE5898DE8AFA2E997AEE38082E5B08FE4BC99E5AD90E698AFE69DA5E69DADE587BAE5B7AEE79A84EFBC8CE7A79FE794A8266C6471756F3BE585B1E4BAABE6B1BDE8BDA626726471756F3BE8BF98E698AFE7ACACE4B880E6ACA1E38082E58F96E8BDA6E5898DEFBC8CE4BB96E68C89E785A7E6898BE69CBA415050E5BCB9E587BAE79A84E8A681E6B182EFBC8CE5AFB9E58DB3E5B086E7A79FE794A8E79A84E8BDA6E8BE86E8BF9BE8A18CE4BA86E5A49AE8A792E5BAA6E68B8DE785A7E38082266C6471756F3BE4B98BE5898DE59CA8E7BD91E4B88AE79C8BE588B0E8BF87EFBC8CE69C89E4BABAE7A79FE8BDA6E98187E588B0E4BA86E9BABBE783A6EFBC8CE68980E4BBA5E68891E8BF98E698AFE8B0A8E6858EE782B9E5A5BDE3808226726471756F3BE5B08FE4BC99E5AD90E8AFB4E38082E79C8BE79D80E5B08FE4BC99E5AD90E68B8DE785A7EFBC8CE8AEB0E88085E4B88AE5898DE68F90E98692EFBC8CE69C89E4BA9BE997AEE9A298E68190E68095E785A7E78987E58F8DE698A0E4B88DE587BAE69DA5E38082E5B08FE4BC99E5AD90E7AC91E7AC91EFBC9A266C6471756F3BE982A3E4B99FE6B2A1E58A9EE6B395E4BA86E3808226726471756F3B3C2F703E0D0A3C703EE8AEB0E88085E8AFA2E997AEE4BA86E58D81E4BD99E4BD8DE7A79FE794A8E8BF87266C6471756F3BE585B1E4BAABE6B1BDE8BDA626726471756F3BE79A84E5B882E6B091EFBC8CE69C89E4BABAE8A1A8E7A4BAE98187E588B0E8BF87E8BDA6E8BE86E696B9E59091E79B98E6ADAAE68E89E79A84E68385E586B5EFBC8CE4B99FE69C89E4BABAE8A1A8E7A4BAE8A18CE9A9B6E4B8ADE58F91E78EB0E58F91E58AA8E69CBAE5BC82E5938DEFBC8CE58FAAE883BDE68AA5E4BFAEE68DA2E8BDA6E38082E8AEB0E88085E8BFBDE997AEE79BB8E585B3E5B882E6B091E980A0E68890E8BF99E4BA9BE997AEE9A298E79A84E58E9FE59BA0EFBC8CE69C89E5B882E6B091E79BB4E8A880EFBC8CE983A8E58886E5B9B3E58FB0E4BBA5266C6471756F3BE69C89E9A9BEE785A7E5B0B1E883BDE5BC8026726471756F3BE79A84E58FA3E58FB7E5819AE68EA8E5B9BFEFBC8CE58FAFE883BDE4BC9AE590B8E5BC95E4B880E4BA9BE696B0E6898BE58FB8E69CBAE68BBF266C6471756F3BE585B1E4BAABE6B1BDE8BDA626726471756F3BE69DA5E7BB83E6898BEFBC8CE4B880E5AE9AE7A88BE5BAA6E4B88AE980A0E68890E4BA86E8BDA6E8BE86E79A84E68D9FE59D8FE380823C2F703E0D0A3C703E3C7374726F6E673EE6B182E8A7A33C2F7374726F6E673E3C2F703E0D0A3C703E3C7374726F6E673E266C6471756F3BE585B1E4BAABE6B1BDE8BDA626726471756F3BE4BC81E4B89AE6ADA3E59CA8E5AE8CE59684E8BFBDE8B4A3E69CBAE588B63C2F7374726F6E673E3C2F703E0D0A3C703E3C7374726F6E673EE7A79FE8B581E6A8A1E5BC8FE79A84E68890E7869FE4B88EE794A8E688B7E7B4A0E8B4A8E79A84E68F90E9AB98E7BCBAE4B880E4B88DE58FAF3C2F7374726F6E673E3C2F703E0D0A3C703EE4BB8EE69F90E7A78DE8A792E5BAA6E79C8BEFBC8C266C6471756F3BE585B1E4BAABE6B1BDE8BDA626726471756F3BE99DA2E4B8B4E79A84E997AEE9A298E4B88E266C6471756F3BE585B1E4BAABE58D95E8BDA626726471756F3BE5BD93E5889DE79A84E59BB0E5B180E69C89E79BB8E4BCBCE4B98BE5A484E38082E59B9EE683B332303137E5B9B4E6B885E6988EE5B08FE995BFE58187E8A5BFE6B996E8BEB9266C6471756F3BE585B1E4BAABE58D95E8BDA626726471756F3BE79A84266C6471756F3BE59BB4E6B996E4B98BE59BB026726471756F3BEFBC8CE5868DE79C8BE79C8BE5A682E4BB8AE69DADE5B79EE8B7AFE99DA2E4B88A266C6471756F3BE585B1E4BAABE58D95E8BDA626726471756F3BE79A84E695B4E4BD93E69C89E5BA8FEFBC8CE8BF99E7A78DE58F98E58C96E58C85E590ABE4BA86E8818CE883BDE983A8E997A8E79A84E8B083E68EA7E68C87E5AFBCE38081E4BC81E4B89AE79A84E7BBB4E68AA4E5AE8CE59684E5928CE794A8E688B7E79A84E7A7AFE69E81E9858DE59088E38082E5908CE79086EFBC8C266C6471756F3BE585B1E4BAABE6B1BDE8BDA626726471756F3BE79BAEE5898DE5AD98E59CA8E79A84E4B880E7B3BBE58897E79195E796B5EFBC8CE4B99FE5AE8CE585A8E58FAFE4BBA5E8BF99E6A0B7E59088E58A9BE8A7A3E586B3E380823C2F703E0D0A3C703EE58FAFE4BBA5E79C8BE588B0E79A84E698AFEFBC8CE59CA8266C6471756F3BE585B1E4BAABE6B1BDE8BDA626726471756F3BE587BAE78EB0E4B98BE5889DEFBC8CE69DADE5B79EE79BB8E585B3E8818CE883BDE983A8E997A8E4BEBFE8BF9BE8A18CE4BA86E69C89E69588E79A84E68A8AE68EA7EFBC8CE8BF99E4B88E266C6471756F3BE585B1E4BAABE6B1BDE8BDA626726471756F3BE79A84E69CBAE58AA8E8BDA6E5B19EE680A7E69C89E585B3EFBC8CE79BB8E5AFB9266C6471756F3BE585B1E4BAABE58D95E8BDA626726471756F3BE8808CE8A880EFBC8C266C6471756F3BE585B1E4BAABE6B1BDE8BDA626726471756F3BE69BB4E4BEBFE4BA8EE79B91E7AEA1E38082E58FA6E4B880E696B9E99DA2EFBC8CE7A79FE8B581E4BC81E4B89AE5AFB9E4BA8EE7A79FE8B581E8BF87E7A88BE4B8ADE79A84E7A78DE7A78DE7BAA0E7BAB7E5B7B2E69C89E68980E9878DE8A786E38082E698A8E5A4A9EFBC8CE8AEB0E88085E4B88EE5B7B2E8BF9BE9A9BBE69DADE5B79EE5B882E59CBAE79A84E69F90E7A79FE8B581E585ACE58FB8E8B49FE8B4A3E4BABAE6B29FE9809AE697B6E4BA86E8A7A3E588B0EFBC8CE58FAAE8A681E7A79FE8BDA6E5B9B3E58FB0E79A84E8BFBDE8B4A3E7B3BBE7BB9FE58AA0E4BBA5E5AE8CE59684EFBC8CE794A8E688B7E59CA8E7A79FE8BDA6E697B6E69BB4E6B3A8E6848FE7BB86E88A82EFBC8CE7B1BBE4BCBCE5B08FE9A9ACE981ADE98187E79A84E7BAA0E7BAB7E698AFE58FAFE4BBA5E981BFE5858DE79A84E380823C2F703E0D0A3C703E266C6471756F3B266C7371756F3BE585B1E4BAABE6B1BDE8BDA626727371756F3BE5889AE5889AE8BF9BE585A5E5B882E59CBAE697B6EFBC8CE59BA0E794A8E688B7E981ADE98187E99D9EE69CACE4BABAE980A0E68890E8BDA6E68D9FE8808CE5BC95E58F91E79A84E8B594E581BFE7BAA0E7BAB7E99D9EE5B8B8E5A49AEFBC8CE980A0E68890E8BF99E7B1BBE7BAA0E7BAB7E79A84E585B3E994AEE997AEE9A298E8BF98E698AFE794A8E688B7E59CA8E7A79FE8BF98E8BDA6E8BE86E8BF87E7A88BE4B8ADE7BCBAE5B091E8AF81E68DAEE59BBAE5AE9AE38082E7BB8FE8BF87E8BF91E5B9B4E69DA5E79A84E69CBAE588B6E68EA2E7B4A2EFBC8CE79BB8E4BFA1E68891E4BBACE8BF99E4BA9BE7A79FE8B581E4BC81E4B89AE883BDE68BBFE587BAE4B880E4BA9BE68890E7869FE79A84E4B8BEE68EAAEFBC8CE8A7A3E586B3E79BAEE5898DE79A84E99ABEE9A298E3808226726471756F3BE8BF99E4BD8DE8B49FE8B4A3E4BABAE8AFB4E380823C2F703E0D0A3C703EE585B3E4BA8EE585B7E4BD93E5819AE6B395EFBC8CE8BF99E4BD8DE8B49FE8B4A3E4BABAE7BD97E58897E4BA86E4B880E4BA9BE4B8AAE4BABAE683B3E6B395266D646173683B266D646173683B3C2F703E0D0A3C703EE9A696E58588EFBC8CE8BF98E698AFE99C80E8A681E794A8E688B7E59CA8E7A79FE8BF98E8BDA6E8BE86E697B6E8BF9BE8A18CE5A49AE8A792E5BAA6E68B8DE785A7E79599E8AF81E38082E5AFB9E4BA8EE8BF99E4B880E782B9EFBC8CE79BAEE5898DE4B88DE5B091E7A79FE8BDA6E5B9B3E58FB0E983BDE69C89E6988EE7A1AEE79A84E8A7A3E9878AE38082E8AEB0E88085E59CA8E69F90E7A79FE8BDA6E5B9B3E58FB0E4B88AE79C8BE588B0E8BF99E6A0B7E79A84E8A1A8E8BFB0EFBC9AE5A682E794A8E688B7E59CA8E58F96E8BDA6E5908EE58F91E78EB0E8BDA6E58685E8AEBEE5A487E69C89E68D9FE59D8FEFBC8CE88BA5E88289E79CBCE58FAFE8A781E8AFA5E8AEBEE5A487E79A84E68D9FE59D8FE68385E586B5EFBC8CE8AFB7E794A8E688B7E59CA8415050E58685E8BF9BE8A18CE68B8DE785A7E68AA5E5A487E38082E68DAEE4BA86E8A7A3EFBC8CE8BDA6E68D9FE68AA5E5A487E5908EEFBC8CE5B9B3E58FB0E58FAFE4BBA5E9809AE8BF87E5A49AE7BB84E785A7E78987E5AFB9E6AF94EFBC8CE7A1AEE5AE9AE980A0E68890E8BDA6E68D9FE79A84E585B7E4BD93E794A8E688B7E8BF9BE8A18CE8BFBDE8B4A3E380823C2F703E0D0A3C703EE585B6E6ACA1EFBC8CE7A79FE8B581E585ACE58FB8E8A681E58AA0E5A4A7E8BF90E7BBB4E68A95E585A5E38082E8AFA5E8B49FE8B4A3E4BABAE4BBA5E887AAE5AEB6E585ACE58FB8E4B8BAE4BE8BE8AFB4EFBC8CE6AF8FE6999AE7BBB4E4BF9DE4BABAE59198E4BC9AE5AFB9E68980E69C89E5BD93E697A5E4BDBFE794A8E8BF87E79A84E8BDA6E8BE86E8BF9BE8A18CE6A380E69FA5EFBC8CE69FA5E587BAE997AEE9A298EFBC8CE6ACA1E697A5E8BFBDE8B4A3EFBC8CE981BFE5858DE8AEA9E5908EE7BBADE794A8E688B7E689BFE68B85E8BDA6E68D9FE8B4A3E4BBBBE380823C2F703E0D0A3C703EE69C80E5908EEFBC8CE5889AE69F94E79BB8E6B58EE59CB0E59FB9E585BBE9AB98E7B4A0E8B4A8E794A8E688B7E7BEA4E4BD93E38082E5AFB9E4BA8EE8BF99E4B880E782B9EFBC8CE8AFA5E8B49FE8B4A3E4BABAE8A1A8E7A4BAEFBC8CE4B880E696B9E99DA2E698AFE9809AE8BF87E689A7E8A18CE79BB8E585B3E8A784E5AE9AE38081E58F82E88083E4B8AAE4BABAE4BFA1E794A8E9A29DE5BAA6EFBC8CE5AFB9E794A8E688B7E7BEA4E4BD93E8BF9BE8A18CE7AD9BE98089E5928CE59BBAE58C96EFBC9BE58FA6E4B880E696B9E99DA2E698AFE9809AE8BF87E7A79FE8B581E4B9A0E683AFE79A84E585BBE68890EFBC8CE5B8AEE58AA9E794A8E688B7E68F90E9AB98E7A79FE8BDA6E38081E794A8E8BDA6E79A84E5BF85E5A487E7B4A0E8B4A8EFBC8CE4BDBFE794A8E688B7E883BDE887AAE8A789E5819AE588B0E9AA8CE8BDA6E38081E8B0A8E6858EE9A9BEE9A9B6E5928CE69C89E997AEE9A298E58F8AE697B6E68AA5E5A487EFBC8CE981BFE5858DE5908EE7BBADE7BAA0E7BAB7E380823C2F703E0D0A3C703E266C6471756F3BE5928C266C7371756F3BE585B1E4BAABE58D95E8BDA626727371756F3BE5B882E59CBAE4B880E6A0B7EFBC8C266C7371756F3BE585B1E4BAABE6B1BDE8BDA626727371756F3BE5B882E59CBAE4B99FE4BC9AE7BB8FE58E86E4B880E6AEB5E4BC98E8839CE58AA3E6B1B0E79A84E8BF87E7A88BE3808226726471756F3BE8AFA5E8B49FE8B4A3E4BABAE8AFB4EFBC8CE99A8FE79D80266C6471756F3BE585B1E4BAABE6B1BDE8BDA626726471756F3BE7A79FE8B581E6A8A1E5BC8FE79A84E697A5E6B890E68890E7869FEFBC8CE79BB8E4BFA1E69CAAE69DA5E5B882E6B091E7A79FE794A8266C6471756F3BE585B1E4BAABE6B1BDE8BDA626726471756F3BE697B6E4BC9AE69BB4E694BEE5BF83E380823C2F703E0D0A3C703EEFBC88E69DADE5B79EE697A5E68AA520E8AEB0E8808520E69D8EE7BBB4E5928CEFBC893C2F703E0D0A3C2F626F64793E0D0A3C2F68746D6C3E, '1', '2', '2018-07-04 16:12:48', '2018-07-04 16:12:48', '9', '2');
INSERT INTO `app01_bbs` VALUES ('15', '股票亏得一笔。。。你怎么看', '股票亏得一笔。。。你怎么看', 0x3C21444F43545950452068746D6C3E0D0A3C68746D6C3E0D0A3C686561643E0D0A3C2F686561643E0D0A3C626F64793E0D0A3C70207374796C653D22636F6C6F723A20233632363236323B223EE882A1E7A5A8E4BA8FE5BE97E4B880E7AC94E38082E38082E38082E4BDA0E6808EE4B988E79C8B3C2F703E0D0A3C70207374796C653D22636F6C6F723A20233632363236323B223EE882A1E7A5A8E4BA8FE5BE97E4B880E7AC94E38082E38082E38082E4BDA0E6808EE4B988E79C8B3C2F703E0D0A3C70207374796C653D22636F6C6F723A20233632363236323B223E3C7370616E207374796C653D22636F6C6F723A20233632363236323B223EE882A1E7A5A8E4BA8FE5BE97E4B880E7AC94E38082E38082E38082E4BDA0E6808EE4B988E79C8B3C2F7370616E3E3C2F703E0D0A3C70207374796C653D22636F6C6F723A20233632363236323B223EE882A1E7A5A8E4BA8FE5BE97E4B880E7AC94E38082E38082E38082E4BDA0E6808EE4B988E79C8B3C2F703E0D0A3C2F626F64793E0D0A3C2F68746D6C3E, '1', '2', '2018-07-04 16:34:25', '2018-07-04 16:34:25', '12', '1');

-- ----------------------------
-- Table structure for app01_bbs_user
-- ----------------------------
DROP TABLE IF EXISTS `app01_bbs_user`;
CREATE TABLE `app01_bbs_user` (
  `id` int(11) NOT NULL AUTO_INCREMENT,
  `signature` varchar(128) COLLATE utf8_bin NOT NULL,
  `photo` varchar(100) COLLATE utf8_bin NOT NULL,
  `user_id` int(11) NOT NULL,
  PRIMARY KEY (`id`),
  UNIQUE KEY `user_id` (`user_id`),
  CONSTRAINT `app01_bbs_user_user_id_5110de45_fk_auth_user_id` FOREIGN KEY (`user_id`) REFERENCES `auth_user` (`id`)
) ENGINE=InnoDB AUTO_INCREMENT=14 DEFAULT CHARSET=utf8 COLLATE=utf8_bin;

-- ----------------------------
-- Records of app01_bbs_user
-- ----------------------------
INSERT INTO `app01_bbs_user` VALUES ('1', '这个家伙很懒，什么也没留下', 'upload_imgs/1.png', '1');
INSERT INTO `app01_bbs_user` VALUES ('2', '这个家伙很懒，什么也没留下', 'upload_imgs/2.png', '2');
INSERT INTO `app01_bbs_user` VALUES ('3', '我是user3', 'upload_imgs/user-1.jpg', '13');
INSERT INTO `app01_bbs_user` VALUES ('4', 'hello,这个是默认的个性签名', 'upload_imgs/user-1.jpg', '21');
INSERT INTO `app01_bbs_user` VALUES ('5', 'hello,这个是默认的个性签名', 'upload_imgs/user-1.jpg', '22');
INSERT INTO `app01_bbs_user` VALUES ('6', 'hello,这个是默认的个性签名', 'upload_imgs/user-1.jpg', '23');
INSERT INTO `app01_bbs_user` VALUES ('7', '人生没有什么是不可能的，只要你肯努力。', 'upload_imgs/user-1.jpg', '24');
INSERT INTO `app01_bbs_user` VALUES ('8', '我是唐小僧，理财首选', 'upload_imgs/user-1.jpg', '25');
INSERT INTO `app01_bbs_user` VALUES ('9', '时间总是匆匆，活在当下，需要懂得珍惜。', 'upload_imgs/user-1.jpg', '26');
INSERT INTO `app01_bbs_user` VALUES ('10', '我是李四光', 'upload_imgs/user-1.jpg', '27');
INSERT INTO `app01_bbs_user` VALUES ('11', '我是赵云', 'upload_imgs/user-1.jpg', '28');
INSERT INTO `app01_bbs_user` VALUES ('12', '666起来', 'upload_imgs/user-1.jpg', '29');
INSERT INTO `app01_bbs_user` VALUES ('13', '我是李大钊', 'upload_imgs/user-1.jpg', '30');

-- ----------------------------
-- Table structure for app01_category
-- ----------------------------
DROP TABLE IF EXISTS `app01_category`;
CREATE TABLE `app01_category` (
  `id` int(11) NOT NULL AUTO_INCREMENT,
  `name` varchar(32) COLLATE utf8_bin NOT NULL,
  `administrator_id` int(11) NOT NULL,
  PRIMARY KEY (`id`),
  UNIQUE KEY `name` (`name`),
  KEY `app01_category_a68d6894` (`administrator_id`),
  CONSTRAINT `app01_category_administrator_id_1633b637_fk_app01_bbs_user_id` FOREIGN KEY (`administrator_id`) REFERENCES `app01_bbs_user` (`id`)
) ENGINE=InnoDB AUTO_INCREMENT=5 DEFAULT CHARSET=utf8 COLLATE=utf8_bin;

-- ----------------------------
-- Records of app01_category
-- ----------------------------
INSERT INTO `app01_category` VALUES ('1', '社会', '1');
INSERT INTO `app01_category` VALUES ('2', '科技', '2');
INSERT INTO `app01_category` VALUES ('3', '娱乐', '1');
INSERT INTO `app01_category` VALUES ('4', '体育', '1');

-- ----------------------------
-- Table structure for auth_group
-- ----------------------------
DROP TABLE IF EXISTS `auth_group`;
CREATE TABLE `auth_group` (
  `id` int(11) NOT NULL AUTO_INCREMENT,
  `name` varchar(80) COLLATE utf8_bin NOT NULL,
  PRIMARY KEY (`id`),
  UNIQUE KEY `name` (`name`)
) ENGINE=InnoDB DEFAULT CHARSET=utf8 COLLATE=utf8_bin;

-- ----------------------------
-- Records of auth_group
-- ----------------------------

-- ----------------------------
-- Table structure for auth_group_permissions
-- ----------------------------
DROP TABLE IF EXISTS `auth_group_permissions`;
CREATE TABLE `auth_group_permissions` (
  `id` int(11) NOT NULL AUTO_INCREMENT,
  `group_id` int(11) NOT NULL,
  `permission_id` int(11) NOT NULL,
  PRIMARY KEY (`id`),
  UNIQUE KEY `group_id` (`group_id`,`permission_id`),
  KEY `auth_group_permissions_0e939a4f` (`group_id`),
  KEY `auth_group_permissions_8373b171` (`permission_id`),
  CONSTRAINT `auth_group_permissi_permission_id_23962d04_fk_auth_permission_id` FOREIGN KEY (`permission_id`) REFERENCES `auth_permission` (`id`),
  CONSTRAINT `auth_group_permissions_group_id_58c48ba9_fk_auth_group_id` FOREIGN KEY (`group_id`) REFERENCES `auth_group` (`id`)
) ENGINE=InnoDB DEFAULT CHARSET=utf8 COLLATE=utf8_bin;

-- ----------------------------
-- Records of auth_group_permissions
-- ----------------------------

-- ----------------------------
-- Table structure for auth_permission
-- ----------------------------
DROP TABLE IF EXISTS `auth_permission`;
CREATE TABLE `auth_permission` (
  `id` int(11) NOT NULL AUTO_INCREMENT,
  `name` varchar(50) COLLATE utf8_bin NOT NULL,
  `content_type_id` int(11) NOT NULL,
  `codename` varchar(100) COLLATE utf8_bin NOT NULL,
  PRIMARY KEY (`id`),
  UNIQUE KEY `content_type_id` (`content_type_id`,`codename`),
  KEY `auth_permission_417f1b1c` (`content_type_id`),
  CONSTRAINT `auth_permissi_content_type_id_51277a81_fk_django_content_type_id` FOREIGN KEY (`content_type_id`) REFERENCES `django_content_type` (`id`)
) ENGINE=InnoDB AUTO_INCREMENT=38 DEFAULT CHARSET=utf8 COLLATE=utf8_bin;

-- ----------------------------
-- Records of auth_permission
-- ----------------------------
INSERT INTO `auth_permission` VALUES ('1', 'Can add log entry', '1', 'add_logentry');
INSERT INTO `auth_permission` VALUES ('2', 'Can change log entry', '1', 'change_logentry');
INSERT INTO `auth_permission` VALUES ('3', 'Can delete log entry', '1', 'delete_logentry');
INSERT INTO `auth_permission` VALUES ('4', 'Can add permission', '2', 'add_permission');
INSERT INTO `auth_permission` VALUES ('5', 'Can change permission', '2', 'change_permission');
INSERT INTO `auth_permission` VALUES ('6', 'Can delete permission', '2', 'delete_permission');
INSERT INTO `auth_permission` VALUES ('7', 'Can add group', '3', 'add_group');
INSERT INTO `auth_permission` VALUES ('8', 'Can change group', '3', 'change_group');
INSERT INTO `auth_permission` VALUES ('9', 'Can delete group', '3', 'delete_group');
INSERT INTO `auth_permission` VALUES ('10', 'Can add user', '4', 'add_user');
INSERT INTO `auth_permission` VALUES ('11', 'Can change user', '4', 'change_user');
INSERT INTO `auth_permission` VALUES ('12', 'Can delete user', '4', 'delete_user');
INSERT INTO `auth_permission` VALUES ('13', 'Can add content type', '5', 'add_contenttype');
INSERT INTO `auth_permission` VALUES ('14', 'Can change content type', '5', 'change_contenttype');
INSERT INTO `auth_permission` VALUES ('15', 'Can delete content type', '5', 'delete_contenttype');
INSERT INTO `auth_permission` VALUES ('16', 'Can add session', '6', 'add_session');
INSERT INTO `auth_permission` VALUES ('17', 'Can change session', '6', 'change_session');
INSERT INTO `auth_permission` VALUES ('18', 'Can delete session', '6', 'delete_session');
INSERT INTO `auth_permission` VALUES ('19', 'Can add bbs', '7', 'add_bbs');
INSERT INTO `auth_permission` VALUES ('20', 'Can change bbs', '7', 'change_bbs');
INSERT INTO `auth_permission` VALUES ('21', 'Can delete bbs', '7', 'delete_bbs');
INSERT INTO `auth_permission` VALUES ('22', 'Can add category', '8', 'add_category');
INSERT INTO `auth_permission` VALUES ('23', 'Can change category', '8', 'change_category');
INSERT INTO `auth_permission` VALUES ('24', 'Can delete category', '8', 'delete_category');
INSERT INTO `auth_permission` VALUES ('25', 'Can add bb s_user', '9', 'add_bbs_user');
INSERT INTO `auth_permission` VALUES ('26', 'Can change bb s_user', '9', 'change_bbs_user');
INSERT INTO `auth_permission` VALUES ('27', 'Can delete bb s_user', '9', 'delete_bbs_user');
INSERT INTO `auth_permission` VALUES ('28', 'Can add comment', '10', 'add_comment');
INSERT INTO `auth_permission` VALUES ('29', 'Can change comment', '10', 'change_comment');
INSERT INTO `auth_permission` VALUES ('30', 'Can delete comment', '10', 'delete_comment');
INSERT INTO `auth_permission` VALUES ('31', 'Can moderate comments', '10', 'can_moderate');
INSERT INTO `auth_permission` VALUES ('32', 'Can add comment flag', '11', 'add_commentflag');
INSERT INTO `auth_permission` VALUES ('33', 'Can change comment flag', '11', 'change_commentflag');
INSERT INTO `auth_permission` VALUES ('34', 'Can delete comment flag', '11', 'delete_commentflag');
INSERT INTO `auth_permission` VALUES ('35', 'Can add site', '12', 'add_site');
INSERT INTO `auth_permission` VALUES ('36', 'Can change site', '12', 'change_site');
INSERT INTO `auth_permission` VALUES ('37', 'Can delete site', '12', 'delete_site');

-- ----------------------------
-- Table structure for auth_user
-- ----------------------------
DROP TABLE IF EXISTS `auth_user`;
CREATE TABLE `auth_user` (
  `id` int(11) NOT NULL AUTO_INCREMENT,
  `password` varchar(128) COLLATE utf8_bin NOT NULL,
  `last_login` datetime NOT NULL,
  `is_superuser` tinyint(1) NOT NULL,
  `username` varchar(30) COLLATE utf8_bin NOT NULL,
  `first_name` varchar(30) COLLATE utf8_bin NOT NULL,
  `last_name` varchar(30) COLLATE utf8_bin NOT NULL,
  `email` varchar(75) COLLATE utf8_bin NOT NULL,
  `is_staff` tinyint(1) NOT NULL,
  `is_active` tinyint(1) NOT NULL,
  `date_joined` datetime NOT NULL,
  PRIMARY KEY (`id`),
  UNIQUE KEY `username` (`username`)
) ENGINE=InnoDB AUTO_INCREMENT=31 DEFAULT CHARSET=utf8 COLLATE=utf8_bin;

-- ----------------------------
-- Records of auth_user
-- ----------------------------
INSERT INTO `auth_user` VALUES ('1', 'pbkdf2_sha256$12000$iLDgKt7tfXo3$10suiOqR8gL27qmyDEEaCR53Bp9Sk1mTdfkPqZO8IRI=', '2018-07-04 17:13:00', '1', 'chenqiufei', '', '', '', '1', '1', '2018-06-26 06:44:52');
INSERT INTO `auth_user` VALUES ('2', 'pbkdf2_sha256$12000$j4xFwMyks3I3$LE9AayiYQTAnJrVh+W21R0CCRsV9+4WDKIHd8a9erNA=', '2018-06-27 10:57:55', '0', 'linyanming', '', '', '', '0', '1', '2018-06-27 10:57:55');
INSERT INTO `auth_user` VALUES ('3', 'pbkdf2_sha256$12000$Sjvy1CjeD4fq$CaIbKZMSw18UwCx5SeMFG0IapGyhKM2KfztY2g9MmpI=', '2018-07-04 11:15:00', '0', 'liyuxin', '', '', '', '0', '1', '2018-07-04 11:13:57');
INSERT INTO `auth_user` VALUES ('5', 'pbkdf2_sha256$12000$OQTzF0IIjuwf$h1V6KdAiufbnhsceXeVqn2NqgSFzDuM9nXKJCPiCzco=', '2018-07-04 11:17:53', '0', 'chengjisihan', '', '', '', '0', '1', '2018-07-04 11:17:53');
INSERT INTO `auth_user` VALUES ('6', 'pbkdf2_sha256$12000$FyjkinAHJrje$gPI3WH9me9DjE+HPXgaSh4FuFRHab/+NY+PvPWNthXw=', '2018-07-04 11:18:55', '0', 'zhangsan', '', '', '', '0', '1', '2018-07-04 11:18:55');
INSERT INTO `auth_user` VALUES ('7', 'pbkdf2_sha256$12000$pinl90TKxWRv$YhdXLZyXY9qbSeqAE+ZEd/akkO4Q6dB2wKps4p20xS8=', '2018-07-04 11:19:37', '0', 'lisi', '', '', '', '0', '1', '2018-07-04 11:19:37');
INSERT INTO `auth_user` VALUES ('8', 'pbkdf2_sha256$12000$Nb9zmm0yy3WE$AiyVYeLq+HnzoByJRYAqUhT7c2gtblecqXW02kHXmZA=', '2018-07-04 11:22:33', '0', 'chenyixun', '', '', '', '0', '1', '2018-07-04 11:22:33');
INSERT INTO `auth_user` VALUES ('9', 'pbkdf2_sha256$12000$EkAl1tqIzYeh$QD1AkVWIKRKecLPtnkOGGUcgyikP7no5Db+gpPnsJXo=', '2018-07-04 11:29:39', '0', 'chengoudan', '', '', '', '0', '1', '2018-07-04 11:24:41');
INSERT INTO `auth_user` VALUES ('10', 'pbkdf2_sha256$12000$TOXVfw75K5Sr$Xi3qLkD+xhdgM4CM7B51RbK65L7Auuf5Id+nqiUh1AA=', '2018-07-04 11:49:37', '0', 'user1', '', '', '', '0', '1', '2018-07-04 11:44:44');
INSERT INTO `auth_user` VALUES ('12', 'pbkdf2_sha256$12000$gKIeVpNmC7PW$m5jai63AqQbi6dnQq1DbU3pRtrxJ7vrrVAOdET8CxKE=', '2018-07-04 11:49:58', '0', 'user2', '', '', '', '0', '1', '2018-07-04 11:49:50');
INSERT INTO `auth_user` VALUES ('13', 'pbkdf2_sha256$12000$q8nNW1xfDNbD$LDW8ZWhpsNqXcBGBYdvwFGDllVcKt9ZCvhLuabIJSJU=', '2018-07-04 11:51:25', '0', 'user3', '', '', '', '0', '1', '2018-07-04 11:51:00');
INSERT INTO `auth_user` VALUES ('14', 'pbkdf2_sha256$12000$pSn3Rs74X4OK$InQOuwQYa73coGxnkSmbIjZzrcPsEE3ILzCGWtbr0r0=', '2018-07-04 11:54:14', '0', 'tangxiaoseng', '', '', '', '0', '1', '2018-07-04 11:54:14');
INSERT INTO `auth_user` VALUES ('15', 'pbkdf2_sha256$12000$7L9wtTXTSVad$r2cJ/LFZXKKKF/CnjT0WGT0RJ3DeQ0pInlf8rzNcqpc=', '2018-07-04 14:04:56', '0', 'tangsan', '', '', '', '0', '1', '2018-07-04 14:04:56');
INSERT INTO `auth_user` VALUES ('16', 'pbkdf2_sha256$12000$Pbruv7jKCthc$i+Z7PCrp6rToipGhqIQcn/su6CeazD51c0JbRmqBsIE=', '2018-07-04 14:14:35', '0', 'tangwu', '', '', '', '0', '1', '2018-07-04 14:14:35');
INSERT INTO `auth_user` VALUES ('17', 'pbkdf2_sha256$12000$RJkQcAvm3Ydd$A+AoF5rhF3SdJuxkNjUGySh+N/oxYIi7vSowgi4BkBo=', '2018-07-04 14:15:57', '0', 'tangliu', '', '', '', '0', '1', '2018-07-04 14:15:57');
INSERT INTO `auth_user` VALUES ('18', 'pbkdf2_sha256$12000$gvtssczZ43by$0Qz9VkGZDBDoIMVOnt52kq6xS5zmZfp+wWrPVDtGnEk=', '2018-07-04 14:16:51', '0', 'tang7', '', '', '', '0', '1', '2018-07-04 14:16:51');
INSERT INTO `auth_user` VALUES ('19', 'pbkdf2_sha256$12000$tvus2WrbqMm6$UDf9kFF6c/V3Vo6ArSmhg2d92H4gvvH8vRblvCET80s=', '2018-07-04 14:19:14', '0', 'tang8', '', '', '', '0', '1', '2018-07-04 14:19:14');
INSERT INTO `auth_user` VALUES ('20', 'pbkdf2_sha256$12000$K2Up07tTrQdq$ydDNIQQDoaKwvRKxq0orUE2M6rjiSgZD3bYzVsUO9m8=', '2018-07-04 14:23:11', '0', 'tang9', '', '', '', '0', '1', '2018-07-04 14:23:11');
INSERT INTO `auth_user` VALUES ('21', 'pbkdf2_sha256$12000$uEPy0FD0FYml$PDFECGNHhysjMCQNdiJhhSh17sevkcVCOqwPGybxpgA=', '2018-07-04 14:24:12', '0', 'tang10', '', '', '', '0', '1', '2018-07-04 14:24:12');
INSERT INTO `auth_user` VALUES ('22', 'pbkdf2_sha256$12000$X2IvjWDMlprX$8b3v0z35JSx7WxouilPb+Ldo8fr4s/A6dh2qAlmnVHY=', '2018-07-04 14:30:22', '0', 'tang11', '', '', '', '0', '1', '2018-07-04 14:29:24');
INSERT INTO `auth_user` VALUES ('23', 'pbkdf2_sha256$12000$xAy2P3Fk3S76$GvEXL6jmlpecESVHYezbP5oZn43X2sjgUMO05td7/AE=', '2018-07-04 16:23:32', '0', '陈秋飞', '', '', '', '0', '1', '2018-07-04 14:31:21');
INSERT INTO `auth_user` VALUES ('24', 'pbkdf2_sha256$12000$XfohMiyIQlVY$EsnVBxsiIzwXvixqNDKqJYN/c7opPNYTEVe16wB3etI=', '2018-07-04 14:40:51', '0', '陈善恩', '', '', '', '0', '1', '2018-07-04 14:40:31');
INSERT INTO `auth_user` VALUES ('25', 'pbkdf2_sha256$12000$ciHR7zlKr4VZ$pA/y6yr0hubikw2IUtjBHhMrb2riHkJmwzqsmy/40u0=', '2018-07-04 15:13:57', '0', '唐小僧', '', '', '', '0', '1', '2018-07-04 15:13:51');
INSERT INTO `auth_user` VALUES ('26', 'pbkdf2_sha256$12000$V9kOc2eTx8dB$kyppBrV75XmnYn8Kawn9dOA/HH91MfBJwUI82WeKoJE=', '2018-07-04 16:11:14', '0', '时光慢些吧', '', '', '', '0', '1', '2018-07-04 16:11:05');
INSERT INTO `auth_user` VALUES ('27', 'pbkdf2_sha256$12000$doSinGfDGgrK$5jbLeTplGNaxDmdyf+S4fFwJDV+9tyHAR8nAh+f4cKM=', '2018-07-04 16:21:59', '0', '李四光', '', '', '', '0', '1', '2018-07-04 16:21:53');
INSERT INTO `auth_user` VALUES ('28', 'pbkdf2_sha256$12000$5rsg7NGJVmFG$7BV+l4slRZM6VIp+J3OT9GeMl6zfj31DvgWmlJcSRnc=', '2018-07-04 16:22:36', '0', '赵云', '', '', '', '0', '1', '2018-07-04 16:22:36');
INSERT INTO `auth_user` VALUES ('29', 'pbkdf2_sha256$12000$GLEByVIs5bW0$moj7tb8GGjTDUjH1n+UKABKGFD1/g6C476AOgZYQPhQ=', '2018-07-04 16:32:29', '0', 'xurubin', '', '', '', '0', '1', '2018-07-04 16:32:12');
INSERT INTO `auth_user` VALUES ('30', 'pbkdf2_sha256$12000$Az7s4FLyGK5T$n5DGLcFiayNrmDONvliy8DMDAkXe0Gg8C63biYZhZlA=', '2018-07-04 16:57:10', '0', '李大钊', '', '', '', '0', '1', '2018-07-04 16:49:26');

-- ----------------------------
-- Table structure for auth_user_groups
-- ----------------------------
DROP TABLE IF EXISTS `auth_user_groups`;
CREATE TABLE `auth_user_groups` (
  `id` int(11) NOT NULL AUTO_INCREMENT,
  `user_id` int(11) NOT NULL,
  `group_id` int(11) NOT NULL,
  PRIMARY KEY (`id`),
  UNIQUE KEY `user_id` (`user_id`,`group_id`),
  KEY `auth_user_groups_e8701ad4` (`user_id`),
  KEY `auth_user_groups_0e939a4f` (`group_id`),
  CONSTRAINT `auth_user_groups_group_id_30a071c9_fk_auth_group_id` FOREIGN KEY (`group_id`) REFERENCES `auth_group` (`id`),
  CONSTRAINT `auth_user_groups_user_id_24702650_fk_auth_user_id` FOREIGN KEY (`user_id`) REFERENCES `auth_user` (`id`)
) ENGINE=InnoDB DEFAULT CHARSET=utf8 COLLATE=utf8_bin;

-- ----------------------------
-- Records of auth_user_groups
-- ----------------------------

-- ----------------------------
-- Table structure for auth_user_user_permissions
-- ----------------------------
DROP TABLE IF EXISTS `auth_user_user_permissions`;
CREATE TABLE `auth_user_user_permissions` (
  `id` int(11) NOT NULL AUTO_INCREMENT,
  `user_id` int(11) NOT NULL,
  `permission_id` int(11) NOT NULL,
  PRIMARY KEY (`id`),
  UNIQUE KEY `user_id` (`user_id`,`permission_id`),
  KEY `auth_user_user_permissions_e8701ad4` (`user_id`),
  KEY `auth_user_user_permissions_8373b171` (`permission_id`),
  CONSTRAINT `auth_user_user_perm_permission_id_3d7071f0_fk_auth_permission_id` FOREIGN KEY (`permission_id`) REFERENCES `auth_permission` (`id`),
  CONSTRAINT `auth_user_user_permissions_user_id_7cd7acb6_fk_auth_user_id` FOREIGN KEY (`user_id`) REFERENCES `auth_user` (`id`)
) ENGINE=InnoDB DEFAULT CHARSET=utf8 COLLATE=utf8_bin;

-- ----------------------------
-- Records of auth_user_user_permissions
-- ----------------------------

-- ----------------------------
-- Table structure for django_admin_log
-- ----------------------------
DROP TABLE IF EXISTS `django_admin_log`;
CREATE TABLE `django_admin_log` (
  `id` int(11) NOT NULL AUTO_INCREMENT,
  `action_time` datetime NOT NULL,
  `object_id` longtext COLLATE utf8_bin,
  `object_repr` varchar(200) COLLATE utf8_bin NOT NULL,
  `action_flag` smallint(5) unsigned NOT NULL,
  `change_message` longtext COLLATE utf8_bin NOT NULL,
  `content_type_id` int(11) DEFAULT NULL,
  `user_id` int(11) NOT NULL,
  PRIMARY KEY (`id`),
  KEY `django_admin_log_417f1b1c` (`content_type_id`),
  KEY `django_admin_log_e8701ad4` (`user_id`),
  CONSTRAINT `django_admin__content_type_id_5151027a_fk_django_content_type_id` FOREIGN KEY (`content_type_id`) REFERENCES `django_content_type` (`id`),
  CONSTRAINT `django_admin_log_user_id_1c5f563_fk_auth_user_id` FOREIGN KEY (`user_id`) REFERENCES `auth_user` (`id`)
) ENGINE=InnoDB AUTO_INCREMENT=22 DEFAULT CHARSET=utf8 COLLATE=utf8_bin;

-- ----------------------------
-- Records of django_admin_log
-- ----------------------------
INSERT INTO `django_admin_log` VALUES ('1', '2018-06-26 18:00:57', 0x31, 'chenqiufei', '1', '', '9', '1');
INSERT INTO `django_admin_log` VALUES ('2', '2018-06-26 18:16:39', 0x31, '注明演员文章被爆婚内出轨', '1', '', '7', '1');
INSERT INTO `django_admin_log` VALUES ('3', '2018-06-26 18:17:00', 0x31, '著名演员文章被爆婚内出轨', '2', 0x4368616E676564207469746C652E, '7', '1');
INSERT INTO `django_admin_log` VALUES ('4', '2018-06-27 10:57:55', 0x32, 'linyanming', '1', '', '4', '1');
INSERT INTO `django_admin_log` VALUES ('5', '2018-06-27 10:58:37', 0x32, 'linyanming', '1', '', '9', '1');
INSERT INTO `django_admin_log` VALUES ('6', '2018-06-27 10:59:39', 0x32, '演员胡歌车祸惨致死', '1', '', '7', '1');
INSERT INTO `django_admin_log` VALUES ('7', '2018-06-27 11:00:12', 0x33, '今天星期三', '1', '', '7', '1');
INSERT INTO `django_admin_log` VALUES ('8', '2018-06-27 16:04:08', 0x31, 'linyanming: 这是一个测试的评论，胡歌加油，早日康复...', '1', '', '10', '1');
INSERT INTO `django_admin_log` VALUES ('9', '2018-06-27 16:05:01', 0x32, 'chenqiufei: 好惨啊。司机疲劳驾驶导致的听说。胡歌的助理车祸中死掉了...', '1', '', '10', '1');
INSERT INTO `django_admin_log` VALUES ('10', '2018-06-27 16:22:57', 0x33, 'chenqiufei: 第三条评论是怎么样的，胡歌怎么样了，好点了吗...', '1', '', '10', '1');
INSERT INTO `django_admin_log` VALUES ('11', '2018-06-28 17:42:09', 0x31, 'Category object', '1', '', '8', '1');
INSERT INTO `django_admin_log` VALUES ('12', '2018-06-28 17:42:17', 0x32, 'Category object', '1', '', '8', '1');
INSERT INTO `django_admin_log` VALUES ('13', '2018-06-28 17:42:24', 0x33, 'Category object', '1', '', '8', '1');
INSERT INTO `django_admin_log` VALUES ('14', '2018-06-28 17:42:34', 0x34, 'Category object', '1', '', '8', '1');
INSERT INTO `django_admin_log` VALUES ('15', '2018-06-28 18:24:23', 0x35, '测试发布二', '2', 0x4368616E6765642063617465676F72792E, '7', '1');
INSERT INTO `django_admin_log` VALUES ('16', '2018-06-28 18:24:30', 0x34, '测试发布', '2', 0x4368616E6765642063617465676F72792E, '7', '1');
INSERT INTO `django_admin_log` VALUES ('17', '2018-06-28 18:24:45', 0x33, '今天星期三', '2', 0x4368616E6765642063617465676F72792E, '7', '1');
INSERT INTO `django_admin_log` VALUES ('18', '2018-06-28 18:24:52', 0x32, '演员胡歌车祸惨致死', '2', 0x4368616E6765642063617465676F72792E, '7', '1');
INSERT INTO `django_admin_log` VALUES ('19', '2018-06-28 18:25:04', 0x31, '著名演员文章被爆婚内出轨', '2', 0x4368616E6765642063617465676F72792E, '7', '1');
INSERT INTO `django_admin_log` VALUES ('20', '2018-07-04 11:51:00', 0x3133, 'user3', '1', '', '4', '1');
INSERT INTO `django_admin_log` VALUES ('21', '2018-07-04 11:51:10', 0x33, 'user3', '1', '', '9', '1');

-- ----------------------------
-- Table structure for django_comments
-- ----------------------------
DROP TABLE IF EXISTS `django_comments`;
CREATE TABLE `django_comments` (
  `id` int(11) NOT NULL AUTO_INCREMENT,
  `content_type_id` int(11) NOT NULL,
  `object_pk` longtext COLLATE utf8_bin NOT NULL,
  `site_id` int(11) NOT NULL,
  `user_id` int(11) DEFAULT NULL,
  `user_name` varchar(50) COLLATE utf8_bin NOT NULL,
  `user_email` varchar(75) COLLATE utf8_bin NOT NULL,
  `user_url` varchar(200) COLLATE utf8_bin NOT NULL,
  `comment` longtext COLLATE utf8_bin NOT NULL,
  `submit_date` datetime NOT NULL,
  `ip_address` char(39) COLLATE utf8_bin DEFAULT NULL,
  `is_public` tinyint(1) NOT NULL,
  `is_removed` tinyint(1) NOT NULL,
  PRIMARY KEY (`id`),
  KEY `django_comments_37ef4eb4` (`content_type_id`),
  KEY `django_comments_99732b5c` (`site_id`),
  KEY `django_comments_6340c63c` (`user_id`),
  CONSTRAINT `content_type_id_refs_id_5ce75e49` FOREIGN KEY (`content_type_id`) REFERENCES `django_content_type` (`id`),
  CONSTRAINT `user_id_refs_id_c4f1d065` FOREIGN KEY (`user_id`) REFERENCES `auth_user` (`id`)
) ENGINE=InnoDB AUTO_INCREMENT=26 DEFAULT CHARSET=utf8 COLLATE=utf8_bin;

-- ----------------------------
-- Records of django_comments
-- ----------------------------
INSERT INTO `django_comments` VALUES ('1', '7', 0x32, '1', '2', '', '', '', 0xE8BF99E698AFE4B880E4B8AAE6B58BE8AF95E79A84E8AF84E8AEBAEFBC8CE883A1E6AD8CE58AA0E6B2B9EFBC8CE697A9E697A5E5BAB7E5A48D, '2018-06-27 16:03:59', null, '1', '0');
INSERT INTO `django_comments` VALUES ('2', '7', 0x32, '1', '1', '', '', '', 0xE5A5BDE683A8E5958AE38082E58FB8E69CBAE796B2E58AB3E9A9BEE9A9B6E5AFBCE887B4E79A84E590ACE8AFB4E38082E883A1E6AD8CE79A84E58AA9E79086E8BDA6E7A5B8E4B8ADE6ADBBE68E89E4BA86, '2018-06-27 16:04:54', null, '1', '0');
INSERT INTO `django_comments` VALUES ('3', '7', 0x32, '1', '1', '', '', '', 0xE7ACACE4B889E69DA1E8AF84E8AEBAE698AFE6808EE4B988E6A0B7E79A84EFBC8CE883A1E6AD8CE6808EE4B988E6A0B7E4BA86EFBC8CE5A5BDE782B9E4BA86E59097, '2018-06-27 16:22:55', null, '1', '0');
INSERT INTO `django_comments` VALUES ('4', '7', 0x31, '1', '1', '', '', '', 0xE59387E59387E59387EFBC8CE69687E7ABA0E5958AEFBC8CE79C8BE4B88DE587BAE5958A, '2018-06-28 14:22:13', null, '1', '0');
INSERT INTO `django_comments` VALUES ('5', '7', 0x31, '1', '1', '', '', '', 0xE5A4AAE58FAFE681B6E4BA86E69687E7ABA00D0AE58FAFE681B6E58FAFE681B6, '2018-06-28 14:22:40', null, '1', '0');
INSERT INTO `django_comments` VALUES ('6', '7', 0x32, '1', '1', '', '', '', 0xE883A1E6AD8CE697A9E697A5E5BAB7E5A48D, '2018-06-28 14:23:16', null, '1', '0');
INSERT INTO `django_comments` VALUES ('7', '7', 0x32, '1', '1', '', '', '', 0xE5A5BDE6BC94E59198EFBC8CE58FAFE6839CE4BA86E38082, '2018-06-28 14:57:13', null, '1', '0');
INSERT INTO `django_comments` VALUES ('8', '7', 0x36, '1', '1', '', '', '', 0xE4BB80E4B988E4BABAE5958AEFBC9FE5B185E784B6E8BF98E8B5B7E59384, '2018-06-28 17:40:04', null, '1', '0');
INSERT INTO `django_comments` VALUES ('9', '7', 0x32, '1', '1', '', '', '', 0xE697A9E697A5E5BAB7E5A48D, '2018-06-29 13:47:56', null, '1', '0');
INSERT INTO `django_comments` VALUES ('10', '7', 0x32, '1', '1', '', '', '', 0x736664736664736673616466, '2018-06-29 17:59:12', null, '1', '0');
INSERT INTO `django_comments` VALUES ('11', '7', 0x36, '1', '1', '', '', '', 0x7364736166647364666173, '2018-06-29 18:00:28', null, '1', '0');
INSERT INTO `django_comments` VALUES ('12', '7', 0x37, '1', '1', '', '', '', 0x6473616461736473616473616461736461, '2018-07-04 10:35:54', null, '1', '0');
INSERT INTO `django_comments` VALUES ('13', '7', 0x32, '1', '3', '', '', '', 0x73647361647361647361, '2018-07-04 11:15:09', null, '1', '0');
INSERT INTO `django_comments` VALUES ('14', '7', 0x31, '1', '22', '', '', '', 0xE681B6E5BF83, '2018-07-04 14:31:10', null, '1', '0');
INSERT INTO `django_comments` VALUES ('15', '7', 0x32, '1', '23', '', '', '', 0xE4B88DE698AFE590A7EFBC9FE6808EE4B988E4BC9AE8BF99E6A0B7E79A84E5958AEFBC9F, '2018-07-04 14:41:44', null, '1', '0');
INSERT INTO `django_comments` VALUES ('16', '7', 0x31, '1', '25', '', '', '', 0xE982A3E4B988E6B8A3, '2018-07-04 15:14:09', null, '1', '0');
INSERT INTO `django_comments` VALUES ('17', '7', 0x38, '1', '23', '', '', '', 0xE698AFE79A84E69292E5A4A7E69292, '2018-07-04 15:14:48', null, '1', '0');
INSERT INTO `django_comments` VALUES ('18', '7', 0x31, '1', '26', '', '', '', 0xE698AFE79A84E69292E5A4A7, '2018-07-04 16:11:19', null, '1', '0');
INSERT INTO `django_comments` VALUES ('19', '7', 0x37, '1', '23', '', '', '', 0xE698AFE79A84E69292E5A4A7E69292, '2018-07-04 16:27:43', null, '1', '0');
INSERT INTO `django_comments` VALUES ('20', '7', 0x31, '1', '29', '', '', '', 0xE69687E7ABA0E68CBAE8BEA3E9B8A1E79A84E38082E38082E38082, '2018-07-04 16:32:45', null, '1', '0');
INSERT INTO `django_comments` VALUES ('21', '7', 0x33, '1', '29', '', '', '', 0x2DE380822DE38081E38081E38081E38081E38081E38081, '2018-07-04 16:33:34', null, '1', '0');
INSERT INTO `django_comments` VALUES ('22', '7', 0x36, '1', '29', '', '', '', 0xE38082E38082E38082E38082E38082E38082E38082E38082E38082E38082E38082E38082E38082E38082E38082E38082E38082, '2018-07-04 16:41:21', null, '1', '0');
INSERT INTO `django_comments` VALUES ('23', '7', 0x32, '1', '29', '', '', '', 0xE697A2E784B6E983BDE683A8E6ADBBE4BA86E38082E38082E38082E8BF98E6808EE4B988E5BAB7E5A48DE998BF20E6A5BCE4B88BE79A84E58584E5BC9FE38082E38082E38082, '2018-07-04 16:42:10', null, '1', '0');
INSERT INTO `django_comments` VALUES ('24', '7', 0x3134, '1', '29', '', '', '', 0xE58FAFE4BBA5E38082E38082E5A5BDE78EA9E38082E38082E380827EEFBC81E58F8DE6ADA3E68891E4B88DE794A8E585B1E4BAABE58D95E8BDA6EFBC81, '2018-07-04 16:42:56', null, '1', '0');
INSERT INTO `django_comments` VALUES ('25', '7', 0x3132, '1', '30', '', '', '', 0xE7BD97E7BAB3E5B094E5A49AEFBC8CE6A285E8A5BF, '2018-07-04 16:50:04', null, '1', '0');

-- ----------------------------
-- Table structure for django_comment_flags
-- ----------------------------
DROP TABLE IF EXISTS `django_comment_flags`;
CREATE TABLE `django_comment_flags` (
  `id` int(11) NOT NULL AUTO_INCREMENT,
  `user_id` int(11) NOT NULL,
  `comment_id` int(11) NOT NULL,
  `flag` varchar(30) COLLATE utf8_bin NOT NULL,
  `flag_date` datetime NOT NULL,
  PRIMARY KEY (`id`),
  UNIQUE KEY `user_id` (`user_id`,`comment_id`,`flag`),
  KEY `django_comment_flags_6340c63c` (`user_id`),
  KEY `django_comment_flags_3925f323` (`comment_id`),
  KEY `django_comment_flags_9f00eb17` (`flag`),
  CONSTRAINT `comment_id_refs_id_669ff450` FOREIGN KEY (`comment_id`) REFERENCES `django_comments` (`id`),
  CONSTRAINT `user_id_refs_id_73e17509` FOREIGN KEY (`user_id`) REFERENCES `auth_user` (`id`)
) ENGINE=InnoDB DEFAULT CHARSET=utf8 COLLATE=utf8_bin;

-- ----------------------------
-- Records of django_comment_flags
-- ----------------------------

-- ----------------------------
-- Table structure for django_content_type
-- ----------------------------
DROP TABLE IF EXISTS `django_content_type`;
CREATE TABLE `django_content_type` (
  `id` int(11) NOT NULL AUTO_INCREMENT,
  `name` varchar(100) COLLATE utf8_bin NOT NULL,
  `app_label` varchar(100) COLLATE utf8_bin NOT NULL,
  `model` varchar(100) COLLATE utf8_bin NOT NULL,
  PRIMARY KEY (`id`),
  UNIQUE KEY `django_content_type_app_label_3ec8c61c_uniq` (`app_label`,`model`)
) ENGINE=InnoDB AUTO_INCREMENT=13 DEFAULT CHARSET=utf8 COLLATE=utf8_bin;

-- ----------------------------
-- Records of django_content_type
-- ----------------------------
INSERT INTO `django_content_type` VALUES ('1', 'log entry', 'admin', 'logentry');
INSERT INTO `django_content_type` VALUES ('2', 'permission', 'auth', 'permission');
INSERT INTO `django_content_type` VALUES ('3', 'group', 'auth', 'group');
INSERT INTO `django_content_type` VALUES ('4', 'user', 'auth', 'user');
INSERT INTO `django_content_type` VALUES ('5', 'content type', 'contenttypes', 'contenttype');
INSERT INTO `django_content_type` VALUES ('6', 'session', 'sessions', 'session');
INSERT INTO `django_content_type` VALUES ('7', 'bbs', 'app01', 'bbs');
INSERT INTO `django_content_type` VALUES ('8', 'category', 'app01', 'category');
INSERT INTO `django_content_type` VALUES ('9', 'bb s_user', 'app01', 'bbs_user');
INSERT INTO `django_content_type` VALUES ('10', 'comment', 'comments', 'comment');
INSERT INTO `django_content_type` VALUES ('11', 'comment flag', 'comments', 'commentflag');
INSERT INTO `django_content_type` VALUES ('12', 'site', 'sites', 'site');

-- ----------------------------
-- Table structure for django_migrations
-- ----------------------------
DROP TABLE IF EXISTS `django_migrations`;
CREATE TABLE `django_migrations` (
  `id` int(11) NOT NULL AUTO_INCREMENT,
  `app` varchar(255) COLLATE utf8_bin NOT NULL,
  `name` varchar(255) COLLATE utf8_bin NOT NULL,
  `applied` datetime NOT NULL,
  PRIMARY KEY (`id`)
) ENGINE=InnoDB AUTO_INCREMENT=8 DEFAULT CHARSET=utf8 COLLATE=utf8_bin;

-- ----------------------------
-- Records of django_migrations
-- ----------------------------
INSERT INTO `django_migrations` VALUES ('1', 'contenttypes', '0001_initial', '2018-06-26 06:41:52');
INSERT INTO `django_migrations` VALUES ('2', 'auth', '0001_initial', '2018-06-26 06:42:05');
INSERT INTO `django_migrations` VALUES ('3', 'admin', '0001_initial', '2018-06-26 06:42:09');
INSERT INTO `django_migrations` VALUES ('4', 'sessions', '0001_initial', '2018-06-26 06:42:10');
INSERT INTO `django_migrations` VALUES ('5', 'app01', '0001_initial', '2018-06-26 07:19:41');
INSERT INTO `django_migrations` VALUES ('6', 'sites', '0001_initial', '2018-06-26 07:35:54');
INSERT INTO `django_migrations` VALUES ('7', 'app01', '0002_auto_20180628_1800', '2018-06-28 18:00:16');

-- ----------------------------
-- Table structure for django_session
-- ----------------------------
DROP TABLE IF EXISTS `django_session`;
CREATE TABLE `django_session` (
  `session_key` varchar(40) COLLATE utf8_bin NOT NULL,
  `session_data` longtext COLLATE utf8_bin NOT NULL,
  `expire_date` datetime NOT NULL,
  PRIMARY KEY (`session_key`),
  KEY `django_session_de54fa62` (`expire_date`)
) ENGINE=InnoDB DEFAULT CHARSET=utf8 COLLATE=utf8_bin;

-- ----------------------------
-- Records of django_session
-- ----------------------------
INSERT INTO `django_session` VALUES ('05608sxw8hrhqbdl2jaeug9t089dlfnx', 0x4E575935595755354F546734595467334E574D33596A4D334D3251344D474D304D6A497A5A6A637759574D314E57457A5A5467344D6A7037496C39686458526F5833567A5A584A666147467A61434936496A4A694F5745794D5445785A4449304E445930597A63785A54526B4D544A6B595755334E5749315A444D774D544533596A426D4F4449694C434A6659585630614639316332567958324A685932746C626D51694F694A6B616D46755A3238755932397564484A70596935686458526F4C6D4A685932746C626D527A4C6B31765A475673516D466A613256755A434973496C39686458526F5833567A5A584A66615751694F6A4639, '2018-07-18 17:13:00');
INSERT INTO `django_session` VALUES ('3ck835peufh7meqct8porr5t54dt2qyp', 0x4D444D354D4445794E4441314D6D49304E7A686B4D6D55784D4467324E4459344D4467314E6A51314F47517A4D57597A4E6A4D7A4D547037496C39686458526F5833567A5A584A666147467A61434936496A5A6C593255344E475A694D5751775A5751324E7A526C597A4D3059324D7A4D4451354D6A49774E4749305A44517A5A4755795A6A67694C434A6659585630614639316332567958324A685932746C626D51694F694A6B616D46755A3238755932397564484A70596935686458526F4C6D4A685932746C626D527A4C6B31765A475673516D466A613256755A434973496C39686458526F5833567A5A584A66615751694F6A497A66513D3D, '2018-07-18 16:23:32');
INSERT INTO `django_session` VALUES ('afodw9rld8zi4tvr2an77ye4o1ukdhzt', 0x4F4467784D47593259324D794E5445784D475A6C4E6D49784D4467304D6A6B7959574D774D7A6B314E44646A4F474D304E5459335A44703766513D3D, '2018-07-18 11:22:34');
INSERT INTO `django_session` VALUES ('d06n3zb4v1vx8lgqsze68tyypj4ycklo', 0x4F4467784D47593259324D794E5445784D475A6C4E6D49784D4467304D6A6B7959574D774D7A6B314E44646A4F474D304E5459335A44703766513D3D, '2018-07-18 11:47:45');
INSERT INTO `django_session` VALUES ('db76w9is6d7yaw7c3ew1sbeflf8xlmcj', 0x4F4467784D47593259324D794E5445784D475A6C4E6D49784D4467304D6A6B7959574D774D7A6B314E44646A4F474D304E5459335A44703766513D3D, '2018-07-18 11:46:18');
INSERT INTO `django_session` VALUES ('gatc2997bmg337n57g3bnxkkjau9o4a4', 0x4E7A55345A6A41334D7A646C5A5751794E4745324F5745784E54526A4F5455335A445A6C4D6A41304E6A6C6B4F574D324F5441354D547037496C39686458526F5833567A5A584A666147467A61434936496D4D7A4D7A426B4D574A694E4456695A4441334F4468684D6D59784D7A6335596D4E6D4D4745775A6A55344F445533596D4D355A5441694C434A6659585630614639316332567958324A685932746C626D51694F694A6B616D46755A3238755932397564484A70596935686458526F4C6D4A685932746C626D527A4C6B31765A475673516D466A613256755A434973496C39686458526F5833567A5A584A66615751694F6A493566513D3D, '2018-07-18 16:32:29');
INSERT INTO `django_session` VALUES ('ggogqbhpfds17npyk8202lmdv9c2koae', 0x4F57526D4F474A6D5A6A4D304D6A46684E546C69597A45784D44466C59574D784D44526D5A446B35595441785A54466D5A44426B4F447037496C39686458526F5833567A5A584A666147467A61434936496A63324E574E6A4F5441344E574A6D4D6D466959324A6C5A446C694D574E6B596A6C6C5A6A5930597A64685A47453159544D334E5463694C434A6659585630614639316332567958324A685932746C626D51694F694A6B616D46755A3238755932397564484A70596935686458526F4C6D4A685932746C626D527A4C6B31765A475673516D466A613256755A434973496C39686458526F5833567A5A584A66615751694F6A4D7766513D3D, '2018-07-18 16:54:06');
INSERT INTO `django_session` VALUES ('ilgp4uln2on3frjcrpoqf5822t0rwocx', 0x4F4467784D47593259324D794E5445784D475A6C4E6D49784D4467304D6A6B7959574D774D7A6B314E44646A4F474D304E5459335A44703766513D3D, '2018-07-18 11:13:57');
INSERT INTO `django_session` VALUES ('iqtrn1rdsdh6stqv805qm77ine4gv9nn', 0x4F4467784D47593259324D794E5445784D475A6C4E6D49784D4467304D6A6B7959574D774D7A6B314E44646A4F474D304E5459335A44703766513D3D, '2018-07-13 15:22:55');
INSERT INTO `django_session` VALUES ('mht1bpxiag0beqcf3rs5upvz4ea6wpk6', 0x5A6A566D5A6A51774E54646A4E6A686C597A4D354E6D4D305A444E6A4D7A517A5A5749354E54426D4D7A4E6C596D4A6A5A546B345A447037496C39686458526F5833567A5A584A666147467A61434936496A5133595449774E6D466D4E4759784E32466C4E5459324E444E6B4D6A4E69597A49304F4464685A444A6D4D4449344E7A41314D7A63694C434A6659585630614639316332567958324A685932746C626D51694F694A6B616D46755A3238755932397564484A70596935686458526F4C6D4A685932746C626D527A4C6B31765A475673516D466A613256755A434973496C39686458526F5833567A5A584A66615751694F6A4639, '2018-07-12 11:05:33');
INSERT INTO `django_session` VALUES ('p36nu6lfqhjids5xv3jkmsm3bakie4kb', 0x5A6A566D5A6A51774E54646A4E6A686C597A4D354E6D4D305A444E6A4D7A517A5A5749354E54426D4D7A4E6C596D4A6A5A546B345A447037496C39686458526F5833567A5A584A666147467A61434936496A5133595449774E6D466D4E4759784E32466C4E5459324E444E6B4D6A4E69597A49304F4464685A444A6D4D4449344E7A41314D7A63694C434A6659585630614639316332567958324A685932746C626D51694F694A6B616D46755A3238755932397564484A70596935686458526F4C6D4A685932746C626D527A4C6B31765A475673516D466A613256755A434973496C39686458526F5833567A5A584A66615751694F6A4639, '2018-07-10 08:01:16');
INSERT INTO `django_session` VALUES ('v1d1t039ihlxwrlnmw1vwl25g4lqeauo', 0x4F4467784D47593259324D794E5445784D475A6C4E6D49784D4467304D6A6B7959574D774D7A6B314E44646A4F474D304E5459335A44703766513D3D, '2018-07-18 11:19:37');
INSERT INTO `django_session` VALUES ('vf9c8jn34qd8eh2cp8zcbr3rqlrqan2x', 0x4F4467784D47593259324D794E5445784D475A6C4E6D49784D4467304D6A6B7959574D774D7A6B314E44646A4F474D304E5459335A44703766513D3D, '2018-07-18 16:55:16');
INSERT INTO `django_session` VALUES ('vvrmg8k7ln56zxpgx4c900kjt8o66g16', 0x4F4467784D47593259324D794E5445784D475A6C4E6D49784D4467304D6A6B7959574D774D7A6B314E44646A4F474D304E5459335A44703766513D3D, '2018-07-18 11:18:55');

-- ----------------------------
-- Table structure for django_site
-- ----------------------------
DROP TABLE IF EXISTS `django_site`;
CREATE TABLE `django_site` (
  `id` int(11) NOT NULL AUTO_INCREMENT,
  `domain` varchar(100) COLLATE utf8_bin NOT NULL,
  `name` varchar(50) COLLATE utf8_bin NOT NULL,
  PRIMARY KEY (`id`)
) ENGINE=InnoDB AUTO_INCREMENT=2 DEFAULT CHARSET=utf8 COLLATE=utf8_bin;

-- ----------------------------
-- Records of django_site
-- ----------------------------
INSERT INTO `django_site` VALUES ('1', 'example.com', 'example.com');
